"Name","Team","G","PA","HR","R","RBI","SB","BB%","K%","ISO","BABIP","AVG","OBP","SLG","wOBA","xwOBA","wRC+","BsR","Off","Def","WAR","playerid"
"Aaron Judge","NYY","157","696","62","133","131","16","15.9%","25.1%",".375",".340",".311",".425",".686",".458","","207","2.1","86.1","0.5","11.4","15640"
"Manny Machado","SDP","150","644","32","100","102","9","9.8%","20.7%",".234",".337",".298",".366",".531",".382","","152","3.0","41.9","6.9","7.4","11493"
"Nolan Arenado","STL","148","620","30","73","103","5","8.4%","11.6%",".241",".290",".293",".358",".533",".381","","151","-1.6","35.3","13.5","7.3","9777"
"Paul Goldschmidt","STL","151","651","35","106","115","7","12.1%","21.7%",".260",".368",".317",".404",".578",".419","","177","3.0","61.6","-15.8","7.1","9218"
"Freddie Freeman","LAD","159","708","21","117","100","13","11.9%","14.4%",".186",".359",".325",".407",".511",".393","","157","5.4","52.6","-8.8","7.1","5361"
"Francisco Lindor","NYM","161","706","26","98","107","16","8.4%","18.8%",".179",".301",".270",".339",".449",".342","","127","3.3","25.4","15.9","6.8","12916"
"Yordan Alvarez","HOU","135","561","37","95","97","1","13.9%","18.9%",".306",".320",".306",".406",".613",".427","","185","-0.6","52.8","-7.5","6.6","19556"
"Mookie Betts","LAD","142","639","35","117","82","12","8.6%","16.3%",".264",".272",".269",".340",".533",".373","","144","4.3","37.2","4.1","6.6","13611"
"Jose Altuve","HOU","141","604","28","103","57","18","10.9%","14.4%",".233",".315",".300",".387",".533",".397","","164","-1.5","41.8","1.6","6.6","5417"
"J.T. Realmuto","PHI","139","562","22","75","84","21","7.3%","21.2%",".202",".318",".276",".342",".478",".354","","128","6.6","24.9","18.0","6.5","11739"
"Dansby Swanson","ATL","162","696","25","99","96","18","7.0%","26.1%",".170",".348",".277",".329",".447",".337","","116","3.1","15.7","21.4","6.3","18314"
"Trea Turner","LAD","160","708","21","101","100","27","6.4%","18.5%",".169",".342",".298",".343",".466",".350","","128","6.5","29.5","7.1","6.3","16252"
"Jose Ramirez","CLE","157","685","29","90","126","20","10.1%","12.0%",".235",".279",".280",".355",".514",".363","","139","6.0","36.0","1.0","6.2","13510"
"Andres Gimenez","CLE","146","557","17","66","69","20","6.1%","20.1%",".169",".353",".297",".371",".466",".364","","140","3.4","28.3","12.0","6.1","19950"
"Xander Bogaerts","BOS","150","631","15","84","73","8","9.0%","18.7%",".149",".362",".307",".377",".456",".363","","134","4.7","28.6","9.0","6.1","12161"
"Mike Trout","LAA","119","499","40","85","80","1","10.8%","27.9%",".347",".323",".283",".369",".630",".418","","176","-0.3","42.4","-0.7","6.0","10155"
"Jeff McNeil","NYM","148","589","9","73","62","4","6.8%","10.4%",".128",".353",".326",".382",".454",".365","","143","2.0","31.3","4.6","5.9","15362"
"Tommy Edman","STL","153","630","13","95","57","32","7.3%","17.6%",".135",".308",".265",".324",".400",".318","","108","8.4","14.2","18.4","5.6","19470"
"Austin Riley","ATL","159","693","38","90","93","2","8.2%","24.2%",".255",".315",".273",".349",".528",".377","","142","-1.7","32.5","-3.1","5.5","18360"
"Alex Bregman","HOU","155","656","23","93","93","1","13.3%","11.7%",".195",".260",".259",".366",".454",".358","","136","-3.0","23.6","7.7","5.5","17678"
"Brandon Nimmo","NYM","151","673","16","102","64","3","10.5%","17.2%",".159",".317",".274",".367",".433",".353","","134","-0.3","26.6","1.9","5.4","12927"
"Julio Rodriguez","SEA","132","560","28","84","75","25","7.1%","25.9%",".225",".345",".284",".345",".509",".366","","146","4.3","33.4","-0.5","5.3","23697"
"Adley Rutschman","BAL","113","470","13","70","42","4","13.8%","18.3%",".191",".291",".254",".362",".445",".354","","133","5.0","22.4","13.1","5.3","26288"
"Sean Murphy","OAK","148","612","18","67","66","1","9.2%","20.3%",".177",".290",".250",".332",".426",".331","","122","-1.4","13.8","15.0","5.1","19352"
"Rafael Devers","BOS","141","614","27","84","88","3","8.1%","18.6%",".225",".329",".295",".358",".521",".373","","140","-1.2","26.8","0.1","4.9","17350"
"Michael Harris II","ATL","114","441","19","75","64","20","4.8%","24.3%",".217",".361",".297",".339",".514",".368","","136","5.9","24.4","6.7","4.8","25931"
"Kyle Tucker","HOU","150","609","30","71","107","25","9.7%","15.6%",".221",".261",".257",".330",".478",".348","","129","4.0","23.9","1.6","4.7","18345"
"Willy Adames","MIL","139","617","31","83","98","8","7.9%","26.9%",".220",".278",".238",".298",".458",".325","","109","2.4","8.8","14.8","4.7","15986"
"Daulton Varsho","ARI","151","592","27","79","74","16","7.8%","24.5%",".207",".269",".235",".302",".443",".323","","106","3.4","7.7","16.4","4.6","19918"
"Corey Seager","TEX","151","663","33","91","83","3","8.7%","15.5%",".211",".242",".245",".317",".455",".331","","117","2.6","15.1","6.7","4.5","13624"
"Bo Bichette","TOR","159","697","24","91","93","13","5.9%","22.2%",".179",".347",".290",".333",".469",".347","","129","-2.7","20.0","0.2","4.5","19612"
"Steven Kwan","CLE","147","638","6","89","52","19","9.7%","9.4%",".101",".323",".298",".373",".400",".341","","124","4.9","22.0","-0.7","4.4","24610"
"Carlos Correa","MIN","136","590","22","70","64","0","10.3%","20.5%",".176",".339",".291",".366",".467",".362","","140","-6.0","20.7","2.0","4.4","14162"
"George Springer","TOR","133","583","25","89","76","14","9.3%","17.2%",".205",".285",".267",".342",".472",".352","","132","4.6","25.7","-4.1","4.2","12856"
"Cal Raleigh","SEA","119","415","27","46","63","1","9.2%","29.4%",".278",".226",".211",".284",".489",".330","","121","-1.0","8.6","18.0","4.2","21534"
"Marcus Semien","TEX","161","724","26","101","83","25","7.3%","16.6%",".181",".263",".248",".304",".429",".317","","107","7.0","12.5","4.1","4.2","12533"
"Matt Chapman","TOR","155","621","27","83","76","2","11.0%","27.4%",".204",".277",".229",".324",".433",".331","","117","3.1","15.0","4.6","4.1","16505"
"Jake Cronenworth","SDP","158","684","17","88","88","3","10.2%","19.2%",".152",".275",".239",".332",".390",".318","","109","6.8","13.7","2.3","4.1","18036"
"Eugenio Suarez","SEA","150","629","31","76","87","0","11.6%","31.2%",".223",".302",".236",".332",".459",".344","","131","-2.5","19.2","-0.3","4.1","12552"
"Christian Walker","ARI","160","667","36","84","94","2","10.3%","19.6%",".235",".248",".242",".327",".477",".346","","122","-0.3","16.9","-0.4","4.1","13419"
"Byron Buxton","MIN","92","382","28","61","51","6","8.9%","30.4%",".303",".244",".224",".306",".526",".356","","136","4.3","19.6","6.2","4.0","14161"
"Nico Hoerner","CHC","135","517","10","60","55","20","5.4%","11.0%",".129",".300",".281",".327",".410",".320","","106","2.3","6.0","14.3","4.0","21479"
"Pete Alonso","NYM","160","685","40","95","131","5","9.8%","18.7%",".246",".279",".271",".352",".518",".366","","143","-2.5","32.0","-17.4","3.9","19251"
"Will Smith","LAD","137","578","24","68","87","1","9.7%","16.6%",".205",".276",".260",".343",".465",".349","","127","-3.6","14.8","3.0","3.9","19197"
"Travis d'Arnaud","ATL","107","426","18","61","60","0","4.5%","21.1%",".205",".306",".268",".319",".472",".343","","120","-3.6","6.1","16.8","3.9","7739"
"Jose Abreu","CHW","157","679","15","85","75","0","9.1%","16.2%",".141",".350",".304",".378",".446",".361","","137","-1.7","26.9","-11.7","3.9","15676"
"Taylor Ward","LAA","135","564","23","73","65","5","10.6%","21.3%",".192",".325",".281",".360",".473",".362","","137","0.7","23.9","-5.2","3.8","17548"
"Shohei Ohtani","LAA","157","666","34","90","95","11","10.8%","24.2%",".246",".320",".273",".356",".519",".370","","142","0.3","31.8","-16.4","3.8","19755"
"Juan Soto","- - -","153","664","27","93","62","6","20.3%","14.5%",".210",".249",".242",".401",".452",".376","","145","-2.4","32.0","-17.7","3.8","20123"
"Alejandro Kirk","TOR","139","541","14","59","63","0","11.6%","10.7%",".130",".299",".285",".372",".415",".347","","129","-7.1","10.4","8.8","3.8","22581"
"Adolis Garcia","TEX","156","657","27","88","101","25","6.1%","27.9%",".207",".309",".250",".300",".456",".324","","112","6.0","14.8","0.5","3.8","19287"
"Yandy Diaz","TBR","137","558","9","71","57","3","14.0%","10.8%",".127",".323",".296",".401",".423",".366","","146","-5.3","23.8","-5.7","3.8","16578"
"Jose Trevino","NYY","115","353","11","39","43","2","4.2%","17.6%",".140",".274",".248",".283",".388",".293","","91","-1.2","-4.9","29.0","3.7","16725"
"Ha-seong Kim","SDP","150","582","11","58","59","12","8.8%","17.2%",".132",".290",".251",".325",".383",".313","","105","1.9","5.4","10.0","3.7","27506"
"Elvis Andrus","- - -","149","577","17","66","58","18","6.8%","15.9%",".155",".272",".249",".303",".404",".310","","105","6.0","9.3","6.1","3.5","8709"
"Ian Happ","CHC","158","641","17","72","72","9","9.0%","23.2%",".169",".336",".271",".342",".440",".339","","120","0.7","15.2","-3.6","3.5","17919"
"Jeremy Pena","HOU","136","558","22","72","63","11","3.9%","24.2%",".173",".298",".253",".289",".426",".309","","102","3.7","4.8","10.0","3.4","21636"
"Cedric Mullins II","BAL","156","672","16","89","64","34","7.0%","18.8%",".145",".299",".258",".318",".403",".315","","106","3.3","7.6","3.0","3.3","17929"
"Willson Contreras","CHC","113","487","22","65","55","4","9.2%","21.1%",".224",".270",".243",".349",".466",".357","","132","-2.8","15.1","-0.4","3.3","11609"
"Luis Arraez","MIN","144","603","8","88","49","4","8.3%","7.1%",".104",".331",".316",".375",".420",".350","","131","-0.2","20.9","-10.1","3.1","18568"
"Matt Olson","ATL","162","699","34","86","103","0","10.7%","24.3%",".237",".274",".240",".325",".477",".344","","120","-0.8","15.4","-9.4","3.1","14344"
"Ryan McMahon","COL","153","597","20","67","67","7","10.1%","26.5%",".168",".311",".246",".327",".414",".326","","95","2.1","-1.3","10.4","3.1","15112"
"Ke'Bryan Hayes","PIT","136","560","7","55","41","20","8.6%","21.8%",".101",".307",".244",".314",".345",".294","","88","0.9","-6.8","16.7","3.0","18577"
"Nathaniel Lowe","TEX","157","645","27","74","76","2","7.4%","22.8%",".191",".363",".302",".358",".492",".368","","143","-3.9","27.2","-19.1","3.0","19566"
"Gavin Lux","LAD","129","471","6","66","42","7","10.0%","20.2%",".124",".341",".276",".346",".399",".328","","113","3.2","10.5","1.9","3.0","19955"
"Starling Marte","NYM","118","505","16","76","63","18","5.1%","19.2%",".176",".340",".292",".347",".468",".355","","136","-0.2","20.8","-9.6","3.0","9241"
"Brandon Drury","- - -","138","568","28","87","87","2","6.7%","22.2%",".230",".293",".263",".320",".492",".350","","123","-3.6","11.4","-2.4","3.0","11615"
"DJ LeMahieu","NYY","125","541","12","74","46","4","12.4%","13.1%",".116",".285",".261",".357",".377",".329","","116","-4.0","6.0","4.9","2.9","9874"
"Bryan Reynolds","PIT","145","614","27","74","62","7","9.1%","23.0%",".199",".306",".262",".345",".461",".349","","125","-2.1","16.0","-9.3","2.9","19326"
"Jonah Heim","TEX","127","450","16","51","48","2","9.1%","19.3%",".172",".249",".227",".298",".399",".306","","99","-1.8","-2.5","15.1","2.8","16930"
"Andrew Benintendi","- - -","126","521","5","54","51","8","10.0%","14.8%",".095",".352",".304",".373",".399",".342","","122","0.6","13.5","-3.5","2.8","17901"
"Mark Canha","NYM","140","542","13","71","61","3","8.9%","17.9%",".136",".309",".266",".367",".403",".343","","128","-1.0","16.7","-8.3","2.8","11445"
"Vladimir Guerrero Jr.","TOR","160","706","32","90","97","8","8.2%","16.4%",".205",".289",".274",".339",".480",".351","","132","-6.0","19.2","-15.1","2.8","19611"
"Jorge Mateo","BAL","150","533","13","63","50","35","5.1%","27.6%",".158",".286",".221",".267",".379",".281","","82","5.8","-5.2","14.5","2.8","17273"
"Randy Arozarena","TBR","153","645","20","72","89","32","7.1%","24.2%",".183",".325",".263",".327",".445",".336","","125","-4.3","13.8","-8.3","2.7","19290"
"Gleyber Torres","NYY","140","572","24","73","76","10","6.8%","22.6%",".194",".295",".257",".310",".451",".328","","115","-0.2","9.8","-2.0","2.7","16997"
"Brendan Donovan","STL","126","468","5","64","45","2","12.8%","15.0%",".097",".330",".281",".394",".379",".349","","129","-1.9","14.0","-3.8","2.7","24679"
"Thairo Estrada","SFG","140","541","14","71","62","21","6.1%","16.5%",".139",".290",".260",".322",".400",".317","","106","2.4","6.2","1.5","2.7","16426"
"Josh Rojas","ARI","125","510","9","66","56","23","10.8%","19.2%",".122",".323",".269",".349",".391",".326","","108","6.2","11.2","-2.9","2.7","19734"
"Lars Nootbaar","STL","108","347","14","53","40","4","14.7%","20.5%",".221",".248",".228",".340",".448",".342","","125","1.4","11.3","2.4","2.7","21454"
"Kyle Schwarber","PHI","155","669","46","100","94","10","12.9%","29.9%",".286",".240",".218",".323",".504",".355","","128","-0.8","21.2","-18.7","2.6","16478"
"Ramon Urias","BAL","118","445","16","50","51","1","6.7%","22.0%",".166",".287",".248",".305",".414",".313","","104","0.0","2.1","8.5","2.6","18795"
"Danny Jansen","TOR","72","248","15","34","44","1","10.1%","17.7%",".256",".255",".260",".339",".516",".364","","140","0.8","12.0","4.8","2.6","16535"
"Jazz Chisholm Jr.","MIA","60","241","14","39","45","12","8.7%","27.4%",".282",".294",".254",".325",".535",".365","","139","3.1","14.1","2.4","2.6","20454"
"Hunter Renfroe","MIL","125","522","29","62","72","1","7.5%","23.2%",".236",".281",".255",".315",".492",".347","","124","-1.6","12.9","-6.2","2.5","15464"
"Trayce Thompson","- - -","80","255","13","36","41","4","12.5%","36.5%",".251",".374",".256",".353",".507",".370","","142","3.2","15.8","-0.2","2.5","9952"
"Anthony Santander","BAL","152","647","33","78","89","0","8.5%","18.9%",".214",".248",".240",".318",".455",".336","","120","0.3","14.9","-11.6","2.5","14551"
"Jurickson Profar","SDP","152","658","15","82","58","5","11.1%","15.7%",".148",".272",".243",".331",".391",".320","","110","-1.4","6.3","-4.6","2.5","10815"
"Kolten Wong","MIL","134","497","15","65","47","17","9.3%","17.7%",".179",".280",".251",".339",".430",".336","","117","3.4","12.9","-6.0","2.5","12532"
"William Contreras","ATL","97","376","20","51","45","2","10.4%","27.7%",".228",".344",".278",".354",".506",".370","","138","-2.6","14.0","-3.4","2.4","20503"
"Teoscar Hernandez","TOR","131","535","25","71","77","6","6.4%","28.4%",".224",".335",".267",".316",".491",".348","","129","-2.5","15.0","-8.9","2.4","13066"
"Anthony Rizzo","NYY","130","548","32","77","75","6","10.6%","18.4%",".256",".216",".224",".338",".480",".352","","132","-3.6","16.4","-10.9","2.4","3473"
"Dylan Carlson","STL","128","488","8","56","42","5","9.2%","19.3%",".144",".281",".236",".316",".380",".306","","100","3.8","4.0","2.6","2.4","20126"
"Isaac Paredes","TBR","111","381","20","48","45","0","11.5%","17.6%",".230",".195",".205",".304",".435",".323","","116","-0.7","6.2","4.6","2.4","20036"
"Justin Turner","LAD","128","532","13","61","81","3","9.4%","16.7%",".160",".313",".278",".350",".438",".343","","123","-3.1","11.4","-6.4","2.4","5235"
"Ty France","SEA","140","613","20","65","83","0","5.7%","15.3%",".162",".296",".274",".338",".436",".337","","126","-2.8","14.9","-11.6","2.4","17982"
"Amed Rosario","CLE","153","670","11","86","71","18","3.7%","16.6%",".121",".326",".283",".312",".403",".311","","103","1.5","3.4","-2.2","2.4","15518"
"Max Muncy","LAD","136","565","21","69","69","2","15.9%","25.0%",".188",".227",".196",".329",".384",".318","","106","2.1","6.3","-2.7","2.4","13301"
"Trevor Story","BOS","94","396","16","53","66","13","8.1%","30.8%",".196",".309",".238",".303",".434",".316","","100","2.9","3.1","6.9","2.4","12564"
"Gio Urshela","MIN","144","551","13","61","64","1","7.4%","17.4%",".144",".326",".285",".338",".429",".332","","119","-6.2","5.6","-0.7","2.4","10681"
"Bryce Harper","PHI","99","426","18","63","65","11","10.8%","20.4%",".227",".324",".286",".364",".514",".369","","138","-0.9","18.1","-10.0","2.4","11579"
"Jake McCarthy","ARI","99","354","8","53","43","23","6.5%","21.5%",".143",".349",".283",".342",".427",".337","","116","7.7","14.3","-3.9","2.3","21622"
"Jon Berti","MIA","102","404","4","47","28","41","10.4%","22.0%",".098",".308",".240",".324",".338",".298","","93","8.0","4.9","3.7","2.3","12037"
"Eduardo Escobar","NYM","136","542","20","58","69","0","7.4%","23.8%",".190",".281",".240",".295",".430",".311","","106","3.1","6.9","-3.0","2.3","6153"
"Wander Franco","TBR","83","344","6","46","33","8","7.6%","9.6%",".140",".290",".277",".328",".417",".323","","116","4.0","10.3","0.9","2.3","23667"
"Bobby Witt Jr.","KCR","150","632","20","82","80","30","4.7%","21.4%",".174",".295",".254",".294",".428",".311","","99","6.8","6.3","-4.3","2.3","25764"
"Santiago Espinal","TOR","135","491","7","51","51","6","7.3%","13.8%",".102",".300",".267",".322",".370",".305","","99","-1.5","-1.9","8.2","2.3","19997"
"Matt Carpenter","NYY","47","154","15","28","37","0","12.3%","22.7%",".422",".304",".305",".412",".727",".472","","217","-0.9","19.4","-2.5","2.3","8090"
"Luis Urias","MIL","119","472","16","54","47","1","10.6%","21.0%",".165",".274",".239",".335",".404",".327","","110","0.2","5.8","0.0","2.3","16622"
"Christian Yelich","MIL","154","671","14","99","57","19","13.1%","24.1%",".130",".327",".252",".355",".383",".328","","111","3.4","11.9","-12.9","2.3","11477"
"Rhys Hoskins","PHI","156","672","30","81","79","2","10.7%","25.1%",".216",".292",".246",".332",".462",".345","","122","-3.4","13.7","-15.1","2.2","16472"
"Jace Peterson","MIL","113","328","8","44","34","12","10.1%","25.9%",".146",".303",".236",".316",".382",".306","","96","5.2","3.7","6.4","2.2","12325"
"Mike Yastrzemski","SFG","148","558","17","73","57","5","10.9%","25.3%",".177",".261",".214",".305",".392",".307","","99","2.6","1.8","0.4","2.2","14854"
"Ronald Acuna Jr.","ATL","119","533","15","71","50","29","9.9%","23.6%",".148",".331",".266",".351",".413",".335","","114","4.8","13.6","-10.7","2.2","18401"
"Trent Grisham","SDP","152","524","17","58","53","7","10.9%","28.6%",".157",".231",".184",".284",".341",".280","","83","5.8","-4.7","7.4","2.1","18564"
"Austin Slater","SFG","125","325","7","49","34","12","12.3%","27.4%",".144",".361",".264",".366",".408",".344","","124","3.5","12.7","-3.2","2.1","16153"
"Dylan Moore","SEA","104","255","6","41","24","21","13.3%","29.4%",".161",".320",".224",".368",".385",".338","","126","2.5","10.0","2.1","2.1","18042"
"Luis Robert","CHW","98","401","12","54","56","11","4.2%","19.2%",".142",".329",".284",".319",".426",".324","","111","4.4","9.5","-2.5","2.1","20043"
"Tyrone Taylor","MIL","120","405","17","49","51","3","5.4%","25.2%",".209",".272",".233",".286",".442",".314","","102","1.2","2.1","4.0","2.1","13675"
"Joc Pederson","SFG","134","433","23","57","70","3","9.7%","23.1%",".247",".310",".274",".353",".521",".373","","144","0.4","22.6","-17.6","2.1","11899"
"Brandon Crawford","SFG","118","458","9","50","52","1","8.5%","21.4%",".113",".280",".231",".308",".344",".289","","87","1.8","-5.3","9.2","2.0","5343"
"Seiya Suzuki","CHC","111","446","14","54","46","9","9.4%","24.7%",".171",".326",".262",".336",".433",".334","","116","-0.4","7.9","-3.7","2.0","30116"
"Tim Anderson","CHW","79","351","6","50","25","13","4.0%","15.7%",".093",".347",".301",".339",".395",".323","","110","2.8","6.8","1.2","2.0","15172"
"J.P. Crawford","SEA","145","603","6","57","42","3","11.3%","13.3%",".093",".275",".243",".339",".336",".306","","104","-1.0","1.4","-1.5","2.0","15491"
"Max Kepler","MIN","115","446","9","54","43","3","11.0%","14.8%",".121",".249",".227",".318",".348",".298","","95","0.8","-1.8","6.7","2.0","12144"
"Chas McCormick","HOU","119","407","14","47","44","4","11.3%","26.0%",".162",".308",".245",".332",".407",".326","","114","-1.1","5.2","0.9","2.0","19599"
"Javier Baez","DET","144","590","17","64","67","9","4.4%","24.9%",".155",".292",".238",".278",".393",".291","","90","2.5","-4.3","4.4","2.0","12979"
"Myles Straw","CLE","152","596","0","72","32","21","9.1%","14.6%",".052",".261",".221",".291",".273",".257","","64","7.6","-16.4","16.3","2.0","17620"
"Josh Bell","- - -","156","647","17","78","71","0","12.5%","15.8%",".156",".296",".266",".362",".422",".344","","123","-5.6","11.3","-14.4","2.0","13145"
"Chris Taylor","LAD","118","454","10","45","43","10","9.7%","35.2%",".152",".336",".221",".304",".373",".298","","93","3.4","-0.4","3.6","1.9","13757"
"Jose Siri","- - -","104","325","7","53","24","14","6.2%","33.2%",".126",".305",".213",".268",".339",".268","","75","5.6","-3.4","11.4","1.9","17452"
"Seby Zavala","CHW","61","205","2","22","21","0","9.3%","31.2%",".112",".404",".270",".347",".382",".323","","111","-0.7","1.7","9.5","1.9","18887"
"Christian Bethancourt","- - -","101","333","11","39","34","5","3.6%","24.0%",".157",".304",".252",".283",".409",".301","","101","-1.0","-0.8","7.9","1.9","10028"
"Jorge Polanco","MIN","104","445","16","54","56","3","14.4%","21.3%",".171",".269",".235",".346",".405",".333","","119","0.9","10.5","-7.2","1.8","13152"
"Albert Pujols","STL","109","351","24","42","68","1","8.0%","15.7%",".280",".252",".270",".345",".550",".380","","151","-6.6","14.0","-8.6","1.8","1177"
"Seth Brown","OAK","150","555","25","55","73","11","9.2%","26.3%",".214",".273",".230",".305",".444",".323","","116","2.4","12.7","-13.2","1.8","18171"
"Jack Suwinski","PIT","106","372","19","45","38","4","11.0%","30.6%",".209",".242",".202",".298",".411",".311","","100","0.6","0.4","3.9","1.8","22244"
"Eloy Jimenez","CHW","84","327","16","40","54","0","8.6%","22.0%",".205",".337",".295",".358",".500",".370","","144","-1.4","14.7","-8.6","1.7","17484"
"Jean Segura","PHI","98","387","10","45","33","13","6.5%","15.0%",".110",".307",".277",".336",".387",".320","","105","-1.6","0.4","3.0","1.7","5933"
"Keibert Ruiz","WSN","112","433","7","33","36","6","6.9%","11.5%",".109",".271",".251",".313",".360",".299","","90","-0.2","-5.2","7.0","1.7","19610"
"Cody Bellinger","LAD","144","550","19","70","68","14","6.9%","27.3%",".179",".255",".210",".265",".389",".284","","83","4.5","-6.2","3.8","1.7","15998"
"David Peralta","- - -","134","490","12","39","59","1","8.4%","23.3%",".164",".307",".251",".316",".415",".315","","104","0.1","2.4","-2.6","1.7","2136"
"Brandon Marsh","- - -","134","461","11","49","52","10","6.1%","34.3%",".139",".360",".245",".295",".384",".296","","89","2.5","-2.9","4.0","1.7","20202"
"Brendan Rodgers","COL","137","581","13","72","63","0","7.9%","17.4%",".142",".304",".266",".325",".408",".321","","92","-1.7","-7.2","3.5","1.7","17907"
"Josh Naylor","CLE","122","498","20","47","79","6","7.6%","16.1%",".196",".268",".256",".319",".452",".331","","117","-3.6","5.8","-5.8","1.7","18839"
"Kyle Higashioka","NYY","83","248","10","27","31","0","4.8%","21.0%",".162",".246",".227",".264",".389",".282","","83","-0.1","-4.8","12.6","1.7","5517"
"Reese McGuire","- - -","89","274","3","25","22","1","4.4%","20.4%",".100",".332",".269",".307",".369",".297","","90","-1.9","-5.1","11.9","1.6","15674"
"Luis Rengifo","LAA","127","511","17","45","52","6","3.3%","15.5%",".166",".285",".264",".294",".429",".314","","103","1.4","2.8","-3.6","1.6","19858"
"Christian Vazquez","- - -","119","426","9","41","52","1","5.2%","16.2%",".126",".310",".274",".315",".399",".312","","99","-9.9","-10.2","12.1","1.6","9774"
"Josh Donaldson","NYY","132","546","15","59","62","2","9.9%","27.1%",".153",".283",".222",".308",".374",".302","","97","-4.5","-6.6","4.5","1.6","5038"
"Oscar Gonzalez","CLE","91","382","11","39","43","1","3.9%","19.6%",".166",".345",".296",".327",".461",".339","","122","-1.3","8.3","-5.1","1.6","20970"
"Christopher Morel","CHC","113","425","16","55","47","10","8.9%","32.2%",".198",".320",".235",".308",".433",".322","","108","1.9","5.9","-5.1","1.6","21897"
"Ryan Mountcastle","BAL","145","609","22","62","85","4","7.1%","25.3%",".173",".303",".250",".305",".423",".316","","106","0.7","5.0","-9.5","1.6","18373"
"Michael A. Taylor","KCR","124","456","9","49","43","4","7.7%","23.9%",".104",".321",".254",".313",".357",".297","","90","0.6","-4.8","5.0","1.5","11489"
"Oswaldo Cabrera","NYY","44","171","6","21","19","3","8.8%","25.7%",".182",".305",".247",".312",".429",".322","","111","0.4","2.6","6.6","1.5","21707"
"Tyler Stephenson","CIN","50","183","6","24","35","1","6.6%","25.7%",".163",".409",".319",".372",".482",".370","","134","0.6","7.7","0.8","1.5","17988"
"Austin Hays","BAL","145","582","16","66","60","2","5.8%","19.6%",".163",".289",".250",".306",".413",".314","","105","0.6","3.8","-7.6","1.5","19363"
"Nick Gordon","MIN","138","443","9","45","50","6","4.3%","23.7%",".156",".340",".272",".316",".427",".321","","111","-0.6","4.9","-4.5","1.5","16337"
"Sam Haggerty","SEA","83","201","5","29","23","13","9.0%","26.4%",".148",".333",".256",".335",".403",".320","","114","2.2","5.3","2.7","1.5","18054"
"Whit Merrifield","- - -","139","550","11","70","58","16","6.9%","15.5%",".125",".276",".250",".298",".375",".294","","88","2.6","-4.6","1.4","1.5","11281"
"Joey Meneses","WSN","56","240","13","33","34","1","6.3%","21.7%",".239",".371",".324",".367",".563",".395","","156","-2.8","12.8","-6.6","1.5","14366"
"Manuel Margot","TBR","89","363","4","36","47","7","6.6%","18.7%",".101",".332",".274",".325",".375",".308","","106","2.3","4.6","-2.0","1.5","14712"
"Vinnie Pasquantino","KCR","72","298","10","25","26","1","11.7%","11.4%",".155",".306",".295",".383",".450",".365","","137","-2.1","10.4","-5.8","1.5","27676"
"Daniel Vogelbach","- - -","130","461","18","47","59","0","15.8%","24.7%",".194",".290",".238",".360",".433",".349","","128","-3.3","11.7","-13.1","1.5","14130"
"Alec Bohm","PHI","152","631","13","79","72","2","4.9%","17.4%",".118",".319",".280",".315",".398",".310","","98","-0.5","-2.2","-4.9","1.5","21618"
"Jonathan Schoop","DET","131","510","11","48","38","5","3.7%","21.0%",".121",".234",".202",".239",".322",".245","","57","-0.2","-24.6","22.3","1.5","11265"
"Harrison Bader","- - -","86","313","5","38","30","17","4.8%","19.8%",".106",".300",".250",".294",".356",".286","","86","4.2","-0.7","4.3","1.5","18030"
"Tony Kemp","OAK","147","558","7","61","46","11","8.1%","12.4%",".099",".259",".235",".307",".334",".287","","91","4.1","-1.4","-2.3","1.5","14894"
"Aaron Hicks","NYY","130","453","8","54","40","10","13.7%","24.1%",".096",".279",".216",".330",".313",".292","","90","2.5","-2.6","2.1","1.5","5297"
"Wilmer Flores","SFG","151","602","19","72","71","0","9.8%","17.1%",".166",".246",".229",".316",".394",".312","","103","-1.4","0.5","-7.2","1.4","5827"
"Ketel Marte","ARI","137","558","12","68","52","5","9.9%","18.1%",".167",".276",".240",".321",".407",".317","","102","-0.9","0.6","-5.8","1.4","13613"
"Corbin Carroll","ARI","32","115","4","13","14","2","7.0%","27.0%",".240",".333",".260",".330",".500",".358","","130","0.9","4.9","4.7","1.4","25878"
"Kyle Farmer","CIN","145","583","14","58","78","4","5.7%","17.0%",".131",".286",".255",".315",".386",".309","","92","-4.6","-10.3","4.2","1.4","14813"
"Josh Harrison","CHW","119","425","7","50","27","2","4.9%","16.7%",".114",".297",".256",".317",".370",".305","","98","-1.6","-2.8","2.6","1.4","8202"
"Garrett Cooper","MIA","119","469","9","37","50","0","8.5%","25.4%",".155",".340",".261",".337",".415",".330","","115","-2.2","6.2","-8.6","1.4","15279"
"Bryson Stott","PHI","127","466","10","58","49","12","7.7%","19.1%",".124",".274",".234",".295",".358",".289","","83","4.7","-4.3","1.9","1.4","26294"
"Nick Fortes","MIA","72","240","9","41","24","5","7.5%","18.8%",".161",".252",".230",".304",".392",".308","","100","0.0","0.0","5.1","1.4","21538"
"Ildemaro Vargas","- - -","63","222","4","19","23","3","3.6%","10.4%",".129",".279",".263",".299",".392",".302","","92","0.5","-1.5","7.1","1.4","13324"
"Austin Barnes","LAD","62","212","8","31","26","2","12.7%","17.5%",".168",".222",".212",".324",".380",".315","","104","-2.1","-1.1","7.0","1.4","12158"
"Luis Guillorme","NYM","102","335","2","33","17","1","10.1%","13.7%",".067",".317",".273",".351",".340",".311","","106","-6.1","-3.7","5.2","1.3","16451"
"Rob Refsnyder","BOS","57","177","6","25","21","1","8.5%","26.0%",".190",".394",".307",".384",".497",".381","","146","1.7","10.9","-3.8","1.3","13770"
"Cavan Biggio","TOR","97","303","6","43","24","2","12.5%","28.1%",".148",".275",".202",".318",".350",".302","","97","2.2","1.0","2.1","1.3","19252"
"Isiah Kiner-Falefa","NYY","142","531","4","66","48","22","6.6%","13.6%",".066",".296",".261",".314",".327",".285","","85","1.1","-7.8","3.6","1.3","16512"
"Eric Haase","DET","110","351","14","41","44","0","6.8%","27.6%",".189",".316",".254",".305",".443",".322","","112","-1.5","3.1","-1.8","1.3","14111"
"Kevin Newman","PIT","78","309","2","31","24","8","5.2%","15.5%",".097",".322",".274",".316",".372",".303","","94","3.0","0.7","1.3","1.3","17696"
"Gary Sanchez","MIN","128","471","16","42","61","2","8.5%","28.9%",".172",".257",".205",".282",".377",".290","","89","-2.6","-8.3","5.7","1.3","11442"
"Tyler O'Neill","STL","96","383","14","56","58","14","9.9%","26.9%",".165",".277",".228",".308",".392",".307","","101","1.4","1.9","-2.5","1.3","15711"
"Ji-Man Choi","TBR","113","419","11","36","52","0","13.8%","29.4%",".154",".320",".233",".341",".388",".322","","116","-2.7","4.6","-5.7","1.3","5452"
"C.J. Cron","COL","150","632","29","79","102","0","6.8%","25.9%",".210",".307",".257",".315",".468",".335","","101","0.5","1.5","-10.7","1.3","12546"
"Evan Longoria","SFG","89","298","14","31","42","0","9.1%","27.9%",".207",".297",".244",".315",".451",".330","","115","-2.3","2.8","-0.8","1.3","9368"
"Joey Wendle","MIA","101","371","3","27","32","12","4.0%","13.5%",".101",".293",".259",".297",".360",".289","","87","0.0","-5.6","5.0","1.2","13853"
"Leody Taveras","TEX","99","341","5","39","34","11","6.2%","25.8%",".105",".344",".261",".309",".366",".297","","93","2.2","-0.6","1.6","1.2","18900"
"Nicky Lopez","KCR","142","480","0","51","20","13","6.0%","13.1%",".046",".265",".227",".281",".273",".251","","57","5.2","-18.2","14.7","1.2","19339"
"Edmundo Sosa","- - -","78","190","2","26","21","6","2.6%","26.3%",".142",".304",".227",".275",".369",".282","","82","2.2","-1.8","7.0","1.2","17022"
"Michael Brantley","HOU","64","277","5","28","26","1","11.2%","10.8%",".128",".311",".288",".370",".416",".345","","127","-0.7","7.7","-4.9","1.2","4106"
"Oneil Cruz","PIT","87","361","17","45","54","10","7.8%","34.9%",".218",".317",".233",".294",".450",".320","","106","2.0","4.5","-5.1","1.2","21711"
"Miguel Rojas","MIA","140","507","6","34","36","9","5.1%","12.0%",".087",".258",".236",".283",".323",".268","","73","-4.0","-19.9","14.3","1.2","7802"
"Harold Ramirez","TBR","120","435","6","46","58","3","4.4%","16.6%",".104",".350",".300",".343",".404",".327","","119","-2.3","7.0","-9.5","1.2","14387"
"Victor Caratini","MIL","96","314","9","26","34","0","9.9%","21.3%",".143",".228",".199",".300",".342",".289","","84","-3.2","-8.9","9.5","1.2","14968"
"Alex Verdugo","BOS","152","644","11","75","74","1","6.5%","13.4%",".125",".309",".280",".328",".405",".319","","103","-1.1","0.8","-10.2","1.2","17027"
"Giancarlo Stanton","NYY","110","452","31","53","78","0","11.1%","30.3%",".251",".227",".211",".297",".462",".327","","115","-2.6","4.8","-8.2","1.2","4949"
"Omar Narvaez","MIL","84","296","4","21","23","0","9.8%","19.3%",".099",".248",".206",".292",".305",".269","","71","-0.3","-10.3","11.3","1.1","13338"
"Ozzie Albies","ATL","64","269","8","36","35","3","5.9%","17.5%",".162",".270",".247",".294",".409",".305","","93","1.5","-0.7","2.5","1.1","16556"
"Jose Miranda","MIN","125","483","15","45","66","1","5.8%","18.8%",".158",".307",".268",".325",".426",".329","","117","-4.5","4.6","-9.3","1.1","20538"
"Lane Thomas","WSN","146","548","17","62","52","8","7.5%","24.1%",".163",".291",".241",".301",".404",".308","","96","-0.6","-3.0","-4.9","1.1","16939"
"Trevor Larnach","MIN","51","180","5","22","18","0","10.0%","31.7%",".175",".320",".231",".306",".406",".309","","102","0.6","1.0","3.7","1.1","21501"
"Kevin Kiermaier","TBR","63","221","7","28","22","6","6.3%","27.6%",".141",".290",".228",".281",".369",".286","","90","3.2","0.7","2.6","1.1","11038"
"Adam Frazier","SEA","156","602","3","61","42","11","7.6%","12.1%",".072",".268",".238",".301",".311",".274","","81","-0.2","-13.1","4.4","1.1","15223"
"Patrick Wisdom","CHC","134","534","25","67","66","8","9.9%","34.3%",".220",".274",".207",".298",".426",".316","","104","0.6","3.0","-10.8","1.1","13602"
"Wil Myers","SDP","77","286","7","29","41","2","7.3%","30.1%",".138",".357",".261",".315",".398",".311","","104","1.2","2.4","-2.2","1.0","10047"
"Carlos Santana","- - -","131","506","19","52","60","0","14.0%","17.4%",".174",".209",".202",".316",".376",".308","","102","1.0","2.0","-8.3","1.0","2396"
"Garrett Mitchell","MIL","28","68","2","9","9","8","8.8%","41.2%",".148",".548",".311",".373",".459",".365","","136","2.2","5.1","2.3","1.0","27555"
"J.D. Martinez","BOS","139","596","16","76","62","0","8.7%","24.3%",".174",".345",".274",".341",".448",".343","","119","-7.3","5.8","-15.0","1.0","6184"
"Jake Fraley","CIN","68","247","12","33","28","4","10.5%","21.9%",".208",".289",".259",".344",".468",".352","","121","1.6","7.6","-6.2","1.0","19260"
"Lourdes Gurriel Jr.","TOR","121","493","5","52","52","3","6.3%","16.8%",".108",".346",".291",".343",".400",".327","","114","-4.1","3.8","-9.8","1.0","19238"
"Emmanuel Rivera","- - -","102","359","12","46","40","1","6.4%","23.1%",".176",".275",".233",".292",".409",".306","","95","-0.9","-2.7","0.7","1.0","19890"
"Jose Iglesias","COL","118","467","3","48","47","2","3.6%","12.0%",".089",".326",".292",".328",".380",".312","","85","-3.3","-11.2","5.1","1.0","10231"
"Tomas Nido","NYM","98","313","3","31","28","0","4.5%","24.3%",".085",".314",".239",".276",".324",".265","","74","-7.0","-16.3","14.8","0.9","13755"
"J.D. Davis","- - -","115","365","12","46","35","1","10.7%","33.4%",".170",".360",".248",".340",".418",".333","","119","-3.1","5.1","-8.5","0.9","16219"
"Yoan Moncada","CHW","104","433","12","41","51","2","7.4%","26.3%",".141",".265",".212",".273",".353",".275","","76","1.3","-10.2","5.3","0.9","17232"
"David Villar","SFG","52","181","9","21","24","0","9.9%","32.0%",".224",".300",".231",".331",".455",".344","","124","-0.3","4.8","-2.0","0.9","24782"
"Adam Duvall","ATL","86","315","12","39","36","0","6.7%","32.1%",".188",".278",".213",".276",".401",".295","","87","2.7","-2.2","0.4","0.9","10950"
"Eli White","TEX","47","117","3","16","10","12","9.4%","35.0%",".105",".290",".200",".274",".305",".260","","67","4.2","-0.2","5.3","0.9","19346"
"Rodolfo Castro","PIT","71","278","11","25","27","5","7.9%","26.6%",".194",".284",".233",".299",".427",".315","","103","0.3","1.1","-1.7","0.9","21987"
"Ryan Jeffers","MIN","67","236","7","25","27","0","9.7%","26.3%",".156",".259",".208",".285",".363",".287","","87","-1.3","-4.7","5.8","0.9","24618"
"Ramon Laureano","OAK","94","383","13","49","34","11","6.5%","27.2%",".165",".262",".211",".287",".376",".294","","96","3.0","1.2","-4.8","0.9","17128"
"Riley Greene","DET","93","418","5","46","42","1","8.6%","28.7%",".109",".354",".253",".321",".362",".303","","98","-0.1","-1.1","-3.6","0.9","25976"
"Brandon Lowe","TBR","65","266","8","31","25","1","10.2%","22.9%",".162",".263",".221",".308",".383",".306","","104","2.0","3.3","-3.2","0.9","18882"
"Zach McKinstry","- - -","57","185","5","21","14","7","8.6%","28.1%",".163",".257",".199",".273",".361",".280","","79","3.9","-0.6","2.9","0.9","19392"
"Jesus Sanchez","MIA","98","343","13","38","36","1","7.6%","26.8%",".188",".258",".214",".280",".403",".298","","93","-1.5","-4.1","1.1","0.9","19913"
"Nate Eaton","KCR","44","122","1","16","12","11","8.2%","24.6%",".123",".346",".264",".331",".387",".313","","101","3.1","3.2","1.2","0.9","25055"
"Charles Leblanc","MIA","48","169","4","18","11","4","7.1%","31.4%",".141",".374",".263",".320",".404",".318","","107","1.4","2.8","-0.3","0.9","19813"
"Trey Mancini","- - -","143","587","18","56","63","0","9.0%","23.0%",".152",".286",".239",".319",".391",".312","","104","-3.0","-0.5","-10.1","0.9","15149"
"Ryan McKenna","BAL","105","172","2","23","11","2","6.4%","32.0%",".103",".350",".237",".294",".340",".279","","80","2.7","-1.1","3.6","0.8","19928"
"Danny Mendick","CHW","31","106","3","22","15","1","6.6%","21.7%",".155",".352",".289",".343",".443",".344","","125","1.0","4.0","0.6","0.8","18889"
"Keston Hiura","MIL","80","266","14","34","32","5","8.6%","41.7%",".222",".355",".226",".316",".449",".334","","115","0.7","5.3","-6.4","0.8","20003"
"Rowdy Tellez","MIL","153","599","35","67","89","2","10.4%","20.2%",".242",".215",".219",".306",".461",".327","","110","-6.6","0.7","-12.9","0.8","15679"
"Anthony Rendon","LAA","47","193","5","15","24","2","11.9%","18.1%",".151",".258",".229",".326",".380",".314","","103","-0.2","0.4","1.3","0.8","12861"
"Mitch Haniger","SEA","57","247","11","31","34","0","8.1%","26.3%",".183",".293",".246",".308",".429",".319","","113","-0.9","2.7","-2.9","0.8","14274"
"Sean Bouchard","COL","27","97","3","9","11","0","21.6%","25.8%",".203",".404",".297",".454",".500",".417","","158","0.2","6.6","-2.3","0.8","21270"
"Gunnar Henderson","BAL","34","132","4","12","18","1","12.1%","25.8%",".181",".333",".259",".348",".440",".343","","125","-0.2","3.6","-0.3","0.8","26289"
"Nick Maton","PHI","35","85","5","13","17","0","11.8%","34.1%",".264",".325",".250",".341",".514",".364","","135","0.9","4.3","0.0","0.8","21635"
"Luke Maile","CLE","76","206","3","19","17","0","9.2%","26.2%",".105",".291",".221",".301",".326",".281","","81","-1.1","-5.4","5.9","0.7","13355"
"Gabriel Moreno","TOR","25","73","1","10","7","0","5.5%","11.0%",".058",".350",".319",".356",".377",".326","","113","-0.3","0.8","3.8","0.7","22664"
"Vaughn Grissom","ATL","41","156","5","24","18","5","7.1%","21.8%",".149",".350",".291",".353",".440",".345","","121","1.9","5.7","-4.1","0.7","26031"
"Livan Soto","LAA","18","59","1","9","9","1","3.4%","22.0%",".182",".500",".400",".414",".582",".424","","181","0.6","6.0","-1.0","0.7","22471"
"Kyle Isbel","KCR","106","278","5","32","28","9","5.8%","27.0%",".129",".275",".211",".264",".340",".265","","67","-0.8","-11.1","9.1","0.7","21614"
"Yonathan Daza","COL","113","408","2","56","34","0","6.4%","14.2%",".083",".347",".301",".349",".384",".323","","93","-0.1","-3.2","-4.0","0.7","15794"
"Willi Castro","DET","112","392","8","47","31","9","3.8%","20.9%",".126",".288",".241",".284",".367",".285","","86","1.6","-4.7","-1.2","0.7","17338"
"Conner Capel","- - -","22","59","3","7","11","1","8.5%","16.9%",".212",".317",".308",".356",".519",".371","","149","-0.3","3.0","1.6","0.7","19983"
"Mark Mathias","- - -","30","91","6","13","20","3","9.9%","33.0%",".259",".304",".247",".319",".506",".353","","132","1.1","4.4","-0.9","0.7","18032"
"David Fletcher","LAA","61","228","2","20","17","1","3.1%","7.0%",".079",".268",".255",".288",".333",".275","","75","-1.5","-7.9","7.0","0.7","17992"
"Orlando Arcia","ATL","68","234","9","25","30","0","9.0%","21.8%",".172",".278",".244",".316",".416",".321","","104","-0.1","1.0","-2.5","0.7","13185"
"Meibrys Viloria","TEX","26","75","2","10","5","0","14.7%","38.7%",".111",".242",".159",".280",".270",".256","","63","1.6","-1.5","5.4","0.7","17109"
"Aristides Aquino","CIN","80","276","10","24","30","2","6.2%","36.6%",".166",".277",".197",".246",".363",".267","","63","1.6","-10.4","7.4","0.7","15482"
"Rafael Ortega","CHC","118","371","7","35","35","12","11.9%","19.9%",".117",".285",".241",".331",".358",".305","","96","-3.5","-5.2","-1.1","0.7","10323"
"Alex Call","- - -","47","131","5","18","13","3","11.5%","22.9%",".175",".278",".237",".336",".412",".332","","113","0.3","2.2","-0.5","0.6","19296"
"Joey Bart","SFG","97","291","11","34","25","2","8.9%","38.5%",".149",".326",".215",".296",".364",".294","","90","-1.5","-4.8","1.0","0.6","21524"
"Geraldo Perdomo","ARI","148","500","5","58","40","9","10.0%","20.6%",".067",".243",".195",".285",".262",".253","","58","5.4","-18.7","7.9","0.6","22799"
"Tommy Pham","- - -","144","622","17","89","63","8","9.0%","26.8%",".137",".304",".236",".312",".374",".304","","89","1.9","-5.7","-8.9","0.6","2967"
"Owen Miller","CLE","130","472","6","53","51","2","6.8%","19.7%",".108",".290",".243",".301",".351",".287","","85","1.0","-6.9","-2.4","0.6","24655"
"Mike Brosseau","MIL","70","160","6","15","23","2","8.8%","30.0%",".163",".345",".255",".344",".418",".338","","118","0.8","4.2","-3.9","0.6","19683"
"Joey Gallo","- - -","126","410","19","48","47","3","13.7%","39.8%",".197",".219",".160",".280",".357",".286","","85","0.5","-6.3","-1.3","0.6","14128"
"Yan Gomes","CHC","86","293","8","23","31","2","2.7%","16.0%",".130",".252",".235",".260",".365",".271","","73","-2.0","-11.2","7.0","0.6","9627"
"Garrett Stubbs","PHI","50","121","5","19","16","2","11.6%","24.8%",".198",".324",".264",".350",".462",".355","","128","1.5","5.5","-4.0","0.6","18067"
"Kris Bryant","COL","42","181","5","28","14","0","9.4%","14.9%",".169",".338",".306",".376",".475",".370","","125","-0.6","4.7","-5.3","0.6","15429"
"Aledmys Diaz","HOU","92","327","12","35","38","1","5.5%","16.2%",".161",".256",".243",".287",".403",".301","","96","-3.8","-5.3","0.3","0.6","15937"
"Tyler Heineman","- - -","62","174","0","16","9","1","4.6%","9.8%",".051",".243",".217",".276",".268",".248","","57","-1.1","-9.8","9.4","0.6","13897"
"Stuart Fairchild","- - -","46","110","5","14","6","0","7.3%","30.9%",".216",".328",".247",".336",".464",".350","","122","-1.2","1.4","0.3","0.6","20321"
"Michael Massey","KCR","52","194","4","16","17","3","4.6%","23.7%",".133",".304",".243",".307",".376",".302","","93","1.4","-0.2","-0.6","0.6","27684"
"Roberto Perez","PIT","21","69","2","8","8","0","13.0%","36.2%",".133",".364",".233",".333",".367",".315","","102","-0.3","-0.1","3.2","0.6","2900"
"Bryan De La Cruz","MIA","115","355","13","38","43","4","5.4%","25.4%",".179",".304",".252",".294",".432",".313","","104","-1.2","0.4","-7.0","0.6","19600"
"Jose Azocar","SDP","98","216","0","24","10","5","5.6%","20.4%",".074",".327",".257",".298",".332",".278","","81","-1.6","-6.3","4.3","0.5","18821"
"Jorge Soler","MIA","72","306","13","32","34","0","10.1%","29.4%",".193",".256",".207",".295",".400",".305","","98","-0.8","-1.4","-3.6","0.5","14221"
"A.J. Pollock","CHW","138","527","14","61","56","3","6.1%","18.6%",".143",".278",".245",".292",".389",".297","","92","-1.5","-6.0","-5.6","0.5","9256"
"Jonathan Davis","MIL","37","91","0","9","4","7","15.4%","28.6%",".013",".340",".224",".344",".237",".278","","77","1.7","-0.7","2.8","0.5","15104"
"Kerry Carpenter","DET","31","113","6","16","10","0","5.3%","28.3%",".233",".303",".252",".310",".485",".342","","126","-0.1","3.1","-1.6","0.5","25961"
"T.J. Friedl","CIN","72","258","8","33","25","7","7.8%","15.5%",".196",".251",".240",".314",".436",".323","","101","0.9","1.3","-4.8","0.5","19522"
"Nick Allen","OAK","100","326","4","31","19","3","5.8%","19.6%",".084",".250",".207",".256",".291",".245","","61","0.5","-13.8","8.5","0.5","22277"
"Enrique Hernandez","BOS","93","402","6","48","45","0","8.5%","17.7%",".116",".257",".222",".291",".338",".280","","75","-0.7","-12.0","4.2","0.5","10472"
"Odubel Herrera","PHI","62","197","5","23","21","6","5.6%","21.3%",".141",".281",".238",".279",".378",".287","","82","0.8","-3.3","1.6","0.5","11476"
"Nolan Gorman","STL","89","313","14","44","35","1","8.9%","32.9%",".194",".301",".226",".300",".420",".316","","107","-0.1","2.4","-8.0","0.5","22263"
"Martin Maldonado","HOU","113","379","15","40","45","0","5.8%","30.6%",".166",".228",".186",".248",".352",".264","","70","-3.9","-16.6","9.4","0.5","6887"
"Stone Garrett","ARI","27","84","4","13","10","3","3.6%","32.1%",".263",".370",".276",".309",".539",".360","","131","-0.1","3.0","-1.1","0.5","19273"
"Alek Thomas","ARI","113","411","8","45","39","4","5.4%","18.0%",".113",".263",".231",".275",".344",".272","","71","1.8","-11.8","2.7","0.5","23792"
"Salvador Perez","KCR","114","473","23","48","76","0","3.8%","23.0%",".211",".285",".254",".292",".465",".324","","108","-3.2","1.3","-11.6","0.5","7304"
"Sam Huff","TEX","44","132","4","9","10","1","8.3%","31.8%",".132",".333",".240",".303",".372",".296","","92","0.4","-0.8","1.4","0.5","22209"
"David Bote","CHC","41","127","4","15","12","1","4.7%","35.4%",".172",".382",".259",".315",".431",".325","","110","-0.2","1.3","-0.8","0.5","14593"
"Donovan Solano","CIN","80","304","4","22","24","0","6.3%","20.1%",".101",".349",".284",".339",".385",".319","","98","-2.0","-2.6","-3.0","0.5","8623"
"Jorge Alfaro","SDP","82","274","7","25","40","1","4.0%","35.8%",".137",".364",".246",".285",".383",".291","","90","0.0","-3.2","-1.4","0.5","12180"
"Brian Serven","COL","62","205","6","19","16","0","6.3%","21.5%",".128",".232",".203",".261",".332",".263","","52","-0.9","-12.3","9.9","0.5","19422"
"Jake Cave","MIN","54","177","5","17","20","2","6.2%","27.7%",".171",".268",".213",".260",".384",".278","","81","0.9","-3.0","1.8","0.5","14477"
"Jake Marisnick","PIT","31","82","2","9","6","2","4.9%","29.3%",".156",".314",".234",".272",".390",".283","","80","-0.5","-2.3","4.0","0.5","11339"
"Jason Vosler","SFG","36","111","4","14","12","1","9.0%","26.1%",".204",".333",".265",".342",".469",".349","","127","-0.3","3.2","-2.6","0.5","16686"
"Brian Anderson","MIA","98","383","8","43","28","1","9.7%","26.4%",".124",".291",".222",".311",".346",".293","","90","-0.1","-4.5","-4.1","0.5","18289"
"Cesar Hernandez","WSN","147","617","1","64","34","10","7.3%","18.5%",".070",".309",".248",".311",".318",".283","","79","-0.8","-15.9","-0.6","0.5","10556"
"Corey Dickerson","STL","97","297","6","28","36","0","4.0%","16.2%",".132",".301",".267",".300",".399",".303","","98","-0.4","-1.2","-4.6","0.4","10762"
"Carson Kelly","ARI","104","354","7","40","35","2","8.2%","20.1%",".123",".247",".211",".282",".334",".275","","73","-0.4","-11.4","3.7","0.4","13620"
"Curt Casali","- - -","57","176","5","20","17","0","13.6%","28.4%",".128",".263",".203",".318",".331",".295","","92","0.1","-1.5","-0.3","0.4","12510"
"Oswald Peraza","NYY","18","57","1","8","2","2","10.5%","15.8%",".122",".359",".306",".404",".429",".371","","146","-0.7","2.3","-0.1","0.4","22823"
"Matt Reynolds","- - -","93","272","3","31","23","5","9.6%","28.7%",".086",".348",".246",".320",".332",".293","","81","0.3","-5.8","0.5","0.4","13788"
"Darick Hall","PHI","42","142","9","19","16","0","3.5%","31.0%",".272",".301",".250",".282",".522",".343","","120","-0.5","2.8","-3.8","0.4","19717"
"Johan Camargo","PHI","52","166","3","8","15","0","7.8%","22.3%",".079",".295",".237",".297",".316",".276","","74","0.6","-4.3","2.5","0.4","14950"
"Jonathan India","CIN","103","431","10","48","41","3","7.2%","21.8%",".130",".305",".249",".327",".378",".314","","95","-1.0","-3.5","-7.2","0.4","21523"
"Jesse Winker","SEA","136","547","14","51","53","0","15.4%","18.8%",".125",".251",".219",".344",".344",".313","","108","-4.3","1.0","-14.7","0.4","13590"
"Rougned Odor","BAL","135","472","13","49","53","6","6.8%","23.1%",".150",".244",".207",".275",".357",".278","","80","1.4","-9.4","-1.9","0.4","12282"
"Austin Wynns","SFG","66","177","3","14","21","0","5.6%","21.5%",".099",".320",".259",".313",".358",".298","","92","-2.5","-4.0","1.8","0.4","15271"
"Alan Trejo","COL","35","125","4","15","17","1","4.0%","24.8%",".153",".337",".271",".312",".424",".321","","92","0.1","-1.0","0.5","0.4","20056"
"Taylor Trammell","SEA","43","117","4","15","10","2","11.1%","28.2%",".206",".242",".196",".284",".402",".300","","99","-0.5","-0.6","0.4","0.4","19960"
"Bubba Thompson","TEX","55","181","1","18","9","18","3.9%","30.9%",".047",".389",".265",".302",".312",".274","","77","3.6","-1.2","-1.1","0.4","22261"
"James McCann","NYM","61","191","3","19","18","3","5.8%","24.1%",".086",".244",".195",".257",".282",".243","","59","0.3","-8.7","5.8","0.4","12859"
"Albert Almora Jr.","CIN","64","235","5","26","29","3","7.2%","19.6%",".126",".261",".223",".282",".349",".279","","71","-3.0","-10.9","6.5","0.4","14109"
"Drew Waters","KCR","32","109","5","14","18","0","11.0%","36.7%",".240",".353",".240",".324",".479",".347","","125","-0.2","2.9","-2.9","0.4","20505"
"Nick Ahmed","ARI","17","54","3","7","7","0","3.7%","27.8%",".212",".265",".231",".259",".442",".302","","92","0.1","-0.4","2.0","0.4","12147"
"Edward Olivares","KCR","53","174","4","24","15","2","5.7%","20.7%",".124",".344",".286",".333",".410",".326","","110","0.5","2.5","-4.7","0.4","19698"
"Victor Robles","WSN","132","407","6","42","33","15","4.2%","25.6%",".087",".292",".224",".273",".311",".260","","64","2.8","-14.3","3.9","0.3","18363"
"Triston Casas","BOS","27","95","5","11","12","1","20.0%","24.2%",".211",".208",".197",".358",".408",".344","","120","-1.1","1.0","-0.8","0.3","22514"
"Jake Meyers","HOU","52","160","1","13","15","2","4.4%","33.8%",".087",".344",".227",".269",".313",".258","","65","0.6","-5.7","3.8","0.3","20308"
"Luke Williams","- - -","79","136","1","21","6","11","6.6%","32.4%",".079",".354",".236",".287",".315",".265","","71","1.1","-3.5","2.1","0.3","19931"
"Tyler Naquin","- - -","105","334","11","47","46","4","5.7%","27.8%",".194",".291",".229",".282",".423",".303","","93","2.3","-0.5","-7.7","0.3","13359"
"Mitch Garver","TEX","54","215","10","23","24","1","10.7%","24.7%",".197",".228",".207",".298",".404",".308","","101","0.4","0.5","-4.4","0.3","15161"
"Andrew McCutchen","MIL","134","580","17","66","69","8","9.8%","21.4%",".148",".278",".237",".316",".384",".309","","98","-4.1","-5.3","-11.3","0.3","9847"
"Andrew Velazquez","LAA","125","349","9","37","28","17","4.3%","34.1%",".109",".274",".196",".236",".304",".239","","50","4.6","-15.1","6.9","0.3","14196"
"Eric Hosmer","- - -","104","419","8","38","44","0","8.8%","15.3%",".113",".304",".268",".334",".382",".313","","104","-5.1","-3.0","-8.2","0.3","3516"
"Roman Quinn","- - -","44","87","0","15","7","4","8.0%","41.4%",".089",".395",".215",".287",".304",".266","","73","0.3","-2.5","2.4","0.3","13546"
"Josh Lowe","TBR","52","198","2","24","13","3","7.6%","33.3%",".122",".336",".221",".284",".343",".276","","83","2.1","-1.7","-1.9","0.3","19953"
"Luis Gonzalez","SFG","98","350","4","31","36","10","8.6%","21.4%",".106",".316",".254",".323",".360",".302","","95","0.6","-1.3","-7.9","0.3","20332"
"Jake Burger","CHW","51","183","8","20","26","0","5.5%","30.6%",".208",".324",".250",".302",".458",".327","","113","-1.0","1.6","-5.0","0.3","22275"
"Raimel Tapia","TOR","128","433","7","47","52","8","3.7%","18.7%",".114",".315",".265",".292",".380",".293","","90","2.0","-2.7","-8.7","0.3","14350"
"LaMonte Wade Jr.","SFG","77","251","8","29","26","1","10.4%","20.3%",".152",".233",".207",".305",".359",".298","","93","0.8","-1.4","-4.7","0.2","18126"
"Luis Barrera","OAK","32","85","1","3","7","3","7.1%","20.0%",".104",".283",".234",".294",".338",".280","","86","-0.8","-2.1","1.6","0.2","19615"
"Greg Allen","PIT","46","134","2","17","8","8","7.5%","31.3%",".085",".267",".186",".260",".271",".242","","52","2.7","-4.8","2.4","0.2","16623"
"Ryan Kreidler","DET","26","84","1","8","6","0","7.1%","26.2%",".055",".231",".178",".244",".233",".218","","38","0.7","-5.1","4.5","0.2","25867"
"Christian Arroyo","BOS","87","300","6","32","36","5","4.3%","16.3%",".129",".326",".286",".322",".414",".319","","102","-3.2","-2.4","-5.2","0.2","16434"
"Mauricio Dubon","- - -","104","265","5","31","24","2","4.9%","11.3%",".099",".221",".214",".252",".313",".248","","58","-0.8","-13.2","6.6","0.2","16530"
"Jason Delay","PIT","57","167","1","17","11","0","5.4%","29.9%",".058",".308",".213",".265",".271",".243","","53","-1.8","-11.0","7.3","0.2","19806"
"Elehuris Montero","COL","53","185","6","21","20","0","4.3%","32.4%",".199",".318",".233",".270",".432",".303","","79","0.3","-4.2","-0.2","0.2","20543"
"Francisco Mejia","TBR","93","299","6","32","31","0","2.3%","21.7%",".138",".292",".242",".264",".381",".279","","85","-2.4","-7.4","-0.3","0.2","16403"
"Kyle Stowers","BAL","34","98","3","11","11","0","5.1%","29.6%",".165",".339",".253",".306",".418",".316","","107","-0.9","-0.2","-1.2","0.2","26151"
"Skye Bolt","OAK","42","116","4","10","13","5","6.0%","25.9%",".132",".233",".198",".259",".330",".261","","73","1.1","-2.5","0.5","0.2","17723"
"Luke Voit","- - -","135","568","22","55","69","1","9.7%","31.5%",".176",".298",".226",".308",".402",".311","","102","-6.2","-5.0","-12.4","0.2","14811"
"Dermis Garcia","OAK","39","125","5","13","20","0","6.4%","44.0%",".181",".339",".207",".264",".388",".285","","90","-0.2","-1.7","-0.6","0.2","20926"
"Nick Madrigal","CHC","59","228","0","19","7","3","6.1%","11.8%",".033",".286",".249",".305",".282",".267","","70","-0.4","-8.2","2.2","0.2","20521"
"Austin Nola","SDP","110","397","4","40","40","2","8.6%","15.1%",".078",".284",".251",".321",".329",".290","","89","-0.8","-5.9","-5.8","0.2","15941"
"Jordan Luplow","ARI","83","234","11","26","28","5","10.7%","25.6%",".185",".185",".176",".274",".361",".281","","78","0.3","-5.8","-0.5","0.2","16424"
"Derek Hill","DET","31","92","1","8","3","3","5.4%","30.4%",".060",".327",".229",".270",".289",".249","","60","0.8","-3.3","2.0","0.2","16947"
"Nomar Mazara","SDP","55","171","2","16","18","0","5.8%","23.4%",".088",".342",".264",".316",".352",".297","","94","0.0","-1.1","-3.1","0.2","14553"
"Nolan Jones","CLE","28","94","2","10","13","0","8.5%","33.0%",".128",".358",".244",".309",".372",".297","","93","-0.8","-1.6","0.1","0.2","20529"
"P.J. Higgins","CHC","74","229","6","23","30","0","9.6%","25.3%",".154",".290",".229",".310",".383",".306","","97","-1.2","-2.0","-4.3","0.1","18433"
"Kyle Garlick","MIN","66","162","9","23","18","0","4.9%","29.6%",".200",".277",".233",".284",".433",".311","","104","1.1","1.8","-5.6","0.1","18063"
"Yadier Molina","STL","80","270","5","19","24","2","1.9%","14.8%",".088",".234",".214",".233",".302",".235","","51","-4.4","-19.7","12.0","0.1","7007"
"Brett Phillips","- - -","83","225","5","22","15","7","7.1%","41.8%",".104",".233",".144",".217",".249",".213","","38","3.8","-11.9","6.0","0.1","14735"
"Shea Langeliers","OAK","40","153","6","14","22","0","5.9%","34.6%",".211",".294",".218",".261",".430",".296","","97","-0.3","-0.8","-2.8","0.1","25816"
"Gavin Sheets","CHW","124","410","15","34","53","0","6.6%","21.0%",".170",".272",".241",".295",".411",".308","","100","-2.6","-2.7","-9.2","0.1","19901"
"Charlie Blackmon","COL","135","577","16","60","78","4","5.5%","18.9%",".155",".304",".264",".314",".419",".317","","89","1.4","-5.9","-12.3","0.1","7859"
"Pavin Smith","ARI","75","277","9","24","33","1","10.1%","24.2%",".147",".262",".220",".300",".367",".294","","87","0.5","-3.8","-4.4","0.1","19892"
"Yu Chang","- - -","69","190","4","19","15","0","8.4%","31.1%",".107",".290",".208",".289",".315",".273","","78","-1.5","-6.4","1.4","0.1","14773"
"Edwin Rios","LAD","27","92","7","12","17","0","5.4%","39.1%",".256",".326",".244",".293",".500",".338","","120","-0.7","1.5","-3.6","0.1","18316"
"Paul DeJong","STL","77","237","6","19","25","3","8.9%","33.3%",".129",".213",".157",".245",".286",".241","","55","-0.7","-13.0","5.9","0.1","18015"
"Connor Wong","BOS","27","56","1","8","7","0","8.9%","28.6%",".125",".250",".188",".273",".313",".263","","63","0.8","-1.6","0.6","0.1","19896"
"Ezequiel Duran","TEX","58","220","5","25","25","4","5.5%","24.5%",".130",".295",".236",".277",".365",".282","","82","-0.2","-4.7","-1.6","0.1","23733"
"Nelson Velazquez","CHC","77","206","6","20","26","5","9.2%","31.6%",".168",".281",".205",".286",".373",".291","","87","0.1","-3.0","-3.3","0.1","23359"
"Nick Solak","TEX","35","95","3","14","4","3","7.4%","20.0%",".122",".233",".207",".309",".329",".291","","89","0.6","-0.6","-1.7","0.1","19294"
"Matt Wallner","MIN","18","65","2","4","10","1","9.2%","38.5%",".158",".367",".228",".323",".386",".311","","104","0.4","0.7","-2.1","0.1","26466"
"Juan Yepez","STL","76","274","12","27","30","0","5.8%","22.3%",".194",".283",".253",".296",".447",".319","","109","-1.7","1.2","-9.8","0.1","18400"
"Jake Hager","ARI","28","59","0","4","3","0","13.6%","28.8%",".040",".364",".240",".345",".280",".291","","84","0.5","-0.5","-1.0","0.0","12198"
"Marwin Gonzalez","NYY","86","207","6","20","18","3","6.8%","26.1%",".136",".222",".185",".255",".321",".257","","65","-1.1","-9.2","3.1","0.0","5497"
"Josh Smith","TEX","73","253","2","23","16","4","11.1%","19.8%",".052",".244",".197",".307",".249",".262","","68","0.3","-8.9","1.2","0.0","26396"
"Colin Moran","CIN","42","128","5","11","23","0","12.5%","23.4%",".165",".234",".211",".305",".376",".300","","86","-0.9","-3.1","-0.8","0.0","16909"
"Luis Garcia","WSN","93","377","7","29","45","3","2.9%","22.3%",".133",".337",".275",".295",".408",".303","","93","-2.5","-5.6","-6.7","0.0","20391"
"Daz Cameron","DET","21","70","1","6","8","2","7.1%","28.6%",".125",".302",".219",".286",".344",".280","","82","1.1","-0.3","-1.6","0.0","18353"
"Adalberto Mondesi","KCR","15","54","0","3","3","5","7.4%","37.0%",".000",".233",".140",".204",".140",".166","","-3","1.0","-5.3","3.9","0.0","13769"
"Max Stassi","LAA","102","375","9","32","30","0","10.1%","29.9%",".123",".239",".180",".267",".303",".258","","63","-2.7","-18.2","6.5","0.0","10059"
"Sergio Alcantara","- - -","93","224","6","26","29","1","5.4%","25.4%",".137",".267",".220",".261",".356",".269","","70","-0.1","-7.8","0.5","0.0","16417"
"Rene Pinto","TBR","25","83","2","5","10","0","2.4%","42.2%",".113",".349",".213",".241",".325",".249","","64","-0.7","-4.1","1.7","0.0","19859"
"Terrin Vavra","BAL","40","103","1","14","12","0","11.7%","18.4%",".079",".310",".258",".340",".337",".303","","97","-1.7","-2.0","-1.0","0.0","24400"
"Brandon Belt","SFG","78","298","8","25","23","1","12.4%","27.2%",".138",".277",".213",".326",".350",".303","","96","-1.0","-2.3","-7.5","0.0","10264"
"Buddy Kennedy","ARI","30","94","1","10","12","0","8.5%","24.5%",".108",".279",".217",".287",".325",".271","","71","0.1","-3.0","0.0","0.0","22505"
"Ben Gamel","PIT","115","423","9","42","46","5","11.3%","23.2%",".137",".291",".232",".324",".369",".308","","97","1.4","0.0","-14.1","0.0","12160"
"Romy Gonzalez","CHW","32","109","2","15","11","0","1.8%","35.8%",".114",".354",".238",".257",".352",".264","","69","-0.6","-4.4","1.1","0.0","21562"
"Alejo Lopez","CIN","61","156","1","15","10","3","5.8%","13.5%",".069",".301",".262",".314",".331",".286","","76","-0.3","-4.6","-0.6","0.0","21127"
"Jose Herrera","ARI","47","124","0","9","5","0","7.3%","27.4%",".018",".273",".189",".250",".207",".213","","31","0.6","-9.4","5.0","0.0","17040"
"Mike Zunino","TBR","36","123","5","7","16","0","4.9%","37.4%",".157",".185",".148",".195",".304",".219","","43","0.0","-7.9","3.7","0.0","13265"
"Connor Joe","COL","111","467","7","56","28","6","11.8%","20.8%",".121",".296",".238",".338",".359",".314","","87","-0.3","-7.4","-8.5","0.0","16572"
"Luke Raley","TBR","22","72","1","7","4","0","9.7%","33.3%",".082",".297",".197",".306",".279",".271","","80","0.1","-1.5","-1.0","0.0","19354"
"Jordan Groshans","MIA","17","65","1","9","2","0","6.2%","20.0%",".049",".319",".262",".308",".311",".278","","80","-0.3","-1.8","-0.7","0.0","23794"
"Matt Vierling","PHI","117","357","6","41","32","7","6.4%","19.6%",".105",".290",".246",".297",".351",".285","","81","0.5","-7.5","-4.9","0.0","21558"
"Gilberto Celestino","MIN","122","347","2","30","24","4","9.2%","22.2%",".064",".310",".238",".313",".302",".280","","82","-4.6","-11.7","0.2","0.0","20233"
"Patrick Mazeika","NYM","24","72","1","4","6","0","2.8%","12.5%",".103",".207",".191",".214",".294",".222","","45","-0.1","-4.7","1.7","-0.1","18142"
"Tyler Freeman","CLE","24","86","0","9","3","1","4.7%","12.8%",".039",".284",".247",".314",".286",".274","","76","0.0","-2.3","-1.0","-0.1","22532"
"Bobby Dalbec","BOS","117","353","12","40","39","3","8.2%","33.4%",".155",".293",".215",".283",".369",".287","","80","1.7","-6.3","-5.6","-0.1","19966"
"Jeimer Candelario","DET","124","467","13","49","50","0","6.0%","23.3%",".145",".257",".217",".272",".361",".277","","80","-2.7","-13.2","-2.3","-0.1","13621"
"Chad Pinder","OAK","111","379","12","38","42","2","3.7%","31.1%",".150",".313",".235",".263",".385",".281","","86","-0.2","-6.0","-6.8","-0.1","15191"
"Spencer Steer","CIN","28","108","2","12","8","0","10.2%","24.1%",".116",".269",".211",".306",".326",".287","","76","0.0","-3.0","-1.5","-0.1","26323"
"Aramis Garcia","CIN","47","115","1","6","4","0","2.6%","29.6%",".046",".301",".213",".248",".259",".228","","36","-2.2","-10.7","6.0","-0.1","16925"
"Diego Castillo","PIT","96","283","11","28","29","1","4.9%","26.5%",".176",".239",".206",".251",".382",".272","","73","-0.4","-9.2","-1.2","-0.1","19906"
"Dominic Smith","NYM","58","152","0","11","17","0","7.9%","24.3%",".090",".263",".194",".276",".284",".254","","67","1.7","-4.2","-1.9","-0.1","15653"
"Jackie Bradley Jr.","- - -","132","370","4","30","38","2","6.5%","20.8%",".108",".251",".203",".255",".311",".252","","56","-0.7","-18.9","6.2","-0.1","12984"
"Matt Duffy","LAA","77","247","2","14","16","0","6.9%","20.2%",".061",".313",".250",".308",".311",".279","","78","-1.8","-7.9","-1.0","-0.1","13836"
"Yairo Munoz","PHI","29","60","3","7","7","1","5.0%","16.7%",".193",".205",".211",".250",".404",".283","","80","0.4","-1.1","-2.0","-0.1","16313"
"Josh Jung","TEX","26","102","5","9","14","2","3.9%","38.2%",".214",".278",".204",".235",".418",".280","","81","-1.8","-4.0","-0.4","-0.1","26299"
"Tucupita Marcano","PIT","49","177","2","18","13","2","5.6%","24.9%",".100",".270",".206",".256",".306",".249","","57","1.0","-7.8","0.8","-0.1","22871"
"Cal Stevenson","OAK","23","71","0","5","1","1","11.3%","32.4%",".050",".263",".167",".261",".217",".224","","47","-0.1","-4.3","0.9","-0.1","22411"
"Jarred Kelenic","SEA","54","181","7","20","17","5","8.8%","33.7%",".172",".167",".141",".221",".313",".238","","55","-0.5","-9.6","2.7","-0.1","22558"
"Kevin Smith","OAK","47","151","2","9","13","4","4.6%","27.8%",".122",".237",".180",".216",".302",".226","","48","-0.6","-9.5","3.5","-0.1","20242"
"Matt Thaiss","LAA","29","81","2","9","8","1","13.6%","29.6%",".101",".295",".217",".321",".319",".286","","83","0.0","-1.5","-2.3","-0.1","19318"
"Mark Contreras","MIN","28","61","3","9","6","1","1.6%","34.4%",".172",".114",".121",".148",".293",".189","","18","0.6","-5.1","1.9","-0.1","20122"
"Jerar Encarnacion","MIA","23","81","3","7","14","2","3.7%","39.5%",".156",".256",".182",".210",".338",".236","","51","0.4","-4.2","0.2","-0.1","21871"
"Yadiel Hernandez","WSN","94","327","9","30","41","2","5.8%","22.6%",".141",".326",".269",".312",".410",".315","","101","-5.2","-4.7","-7.6","-0.1","19334"
"Travis Jankowski","- - -","44","64","0","11","2","3","12.5%","15.6%",".000",".200",".164",".281",".164",".222","","45","0.6","-3.5","0.0","-0.1","13768"
"Alfonso Rivas","CHC","101","287","3","27","25","6","10.1%","30.3%",".072",".344",".235",".322",".307",".285","","82","2.0","-3.9","-7.1","-0.1","21560"
"Jake Lamb","- - -","41","111","3","13","6","0","9.9%","34.2%",".175",".321",".216",".315",".392",".314","","105","-2.3","-1.6","-3.4","-0.1","13329"
"Jonah Bride","OAK","58","187","1","17","6","1","10.2%","17.1%",".043",".246",".204",".301",".247",".257","","70","-1.5","-7.9","0.6","-0.1","24703"
"Vimael Machin","OAK","73","253","1","26","13","1","9.9%","18.6%",".067",".270",".220",".300",".287",".268","","77","-1.2","-7.7","-1.7","-0.1","17684"
"Michael Stefanic","LAA","25","69","0","5","0","0","7.2%","17.4%",".033",".245",".197",".279",".230",".239","","50","0.1","-3.8","0.2","-0.1","25353"
"Adam Engel","CHW","119","260","2","32","17","12","4.2%","29.2%",".086",".317",".224",".269",".310",".256","","63","2.1","-8.6","-1.1","-0.1","15082"
"Miguel Andujar","- - -","36","140","1","13","17","4","3.6%","19.3%",".076",".280",".235",".257",".311",".247","","58","1.5","-5.2","-0.8","-0.2","15878"
"Andy Ibanez","TEX","40","128","1","13","9","3","7.0%","16.4%",".059",".258",".218",".273",".277",".249","","59","1.3","-4.7","-1.0","-0.2","18819"
"J.J. Matijevic","HOU","32","71","2","7","5","1","2.8%","35.2%",".119",".300",".209",".254",".328",".258","","66","0.3","-2.4","-1.4","-0.2","20165"
"MJ Melendez","KCR","129","534","18","57","62","2","12.4%","24.5%",".176",".258",".217",".313",".393",".310","","99","-0.3","-1.1","-17.5","-0.2","22197"
"Bradley Zimmer","- - -","109","117","2","18","5","3","4.3%","38.5%",".105",".190",".124",".207",".229",".203","","26","1.3","-8.4","2.9","-0.2","16221"
"Yermin Mercedes","SFG","31","83","1","9","8","0","10.8%","20.5%",".110",".291",".233",".325",".342",".301","","95","0.0","-0.5","-4.1","-0.2","17423"
"Jonathan Aranda","TBR","32","87","2","10","6","0","9.2%","26.4%",".128",".245",".192",".276",".321",".264","","74","0.7","-1.8","-2.8","-0.2","21837"
"Gabriel Arias","CLE","16","57","1","9","5","1","14.0%","28.1%",".128",".267",".191",".321",".319",".294","","90","0.0","-0.6","-3.1","-0.2","22563"
"Mike Ford","- - -","50","149","3","9","10","0","11.4%","26.8%",".107",".273",".206",".302",".313",".280","","81","-0.5","-3.7","-2.9","-0.2","15585"
"Akil Baddoo","DET","73","225","2","30","9","9","10.7%","28.4%",".065",".289",".204",".289",".269",".256","","65","2.2","-6.6","-2.5","-0.2","22168"
"Peyton Burdick","MIA","32","102","4","8","11","1","7.8%","34.3%",".174",".283",".207",".284",".380",".294","","91","0.0","-1.1","-4.3","-0.2","25459"
"Randal Grichuk","COL","141","538","19","60","73","4","4.5%","23.6%",".166",".309",".259",".299",".425",".315","","88","-1.2","-9.0","-11.1","-0.2","10243"
"Franchy Cordero","BOS","84","275","8","36","29","4","10.2%","33.5%",".178",".313",".219",".300",".397",".304","","92","2.6","0.2","-10.9","-0.2","14567"
"Victor Reyes","DET","92","336","3","27","34","2","3.9%","22.9%",".108",".322",".254",".289",".362",".284","","85","-0.3","-6.1","-6.7","-0.2","15487"
"Austin Meadows","DET","36","147","0","9","11","0","10.9%","11.6%",".078",".288",".250",".347",".328",".307","","101","-1.2","-1.0","-5.8","-0.2","15672"
"Michael Toglia","COL","31","120","2","10","12","1","7.5%","36.7%",".162",".338",".216",".275",".378",".285","","68","0.5","-4.0","-2.1","-0.2","25845"
"Luis Campusano","SDP","16","50","1","4","5","0","2.0%","22.0%",".083",".297",".250",".260",".333",".257","","67","-0.3","-2.3","-1.5","-0.2","22217"
"Kody Clemens","DET","57","127","5","13","17","1","6.3%","26.0%",".162",".148",".145",".197",".308",".220","","40","1.1","-7.5","1.2","-0.2","20572"
"Guillermo Heredia","ATL","74","82","3","12","8","0","7.3%","39.0%",".184",".220",".158",".220",".342",".246","","53","1.0","-3.5","-1.5","-0.2","18721"
"Tucker Barnhart","DET","94","308","1","16","16","0","8.1%","24.0%",".046",".296",".221",".287",".267",".253","","63","-1.7","-14.6","2.4","-0.2","10200"
"Jordan Diaz","OAK","15","51","0","3","1","0","3.9%","13.7%",".061",".310",".265",".294",".327",".275","","82","0.2","-0.9","-3.2","-0.3","22650"
"Didi Gregorius","PHI","63","232","1","17","19","1","5.6%","15.5%",".093",".246",".210",".263",".304",".251","","58","2.1","-9.3","-1.1","-0.3","6012"
"Alec Burleson","STL","16","53","1","4","3","1","9.4%","17.0%",".083",".211",".188",".264",".271",".245","","58","0.1","-2.5","-1.8","-0.3","27615"
"CJ Abrams","- - -","90","302","2","33","21","7","1.7%","16.6%",".077",".291",".246",".280",".324",".267","","71","1.7","-8.5","-4.5","-0.3","25768"
"Jo Adell","LAA","88","285","8","22","27","4","3.9%","37.5%",".149",".338",".224",".264",".373",".278","","77","0.8","-6.5","-5.5","-0.3","20220"
"J.J. Bleday","MIA","65","238","5","21","16","4","12.6%","28.2%",".142",".216",".167",".277",".309",".266","","72","0.8","-7.1","-3.8","-0.3","26368"
"Robbie Grossman","- - -","129","477","7","40","45","6","11.7%","27.0%",".102",".283",".209",".310",".311",".283","","82","-0.2","-9.8","-8.6","-0.3","5254"
"Anthony Bemboom","BAL","22","59","1","4","1","0","10.2%","28.8%",".096",".147",".115",".207",".212",".196","","22","0.0","-5.2","0.4","-0.3","13854"
"Willie Calhoun","- - -","22","62","1","7","3","0","14.5%","12.9%",".115",".140",".135",".274",".250",".249","","59","-0.7","-3.6","-1.5","-0.3","17838"
"Ryan O'Hearn","KCR","67","145","1","14","16","0","5.5%","24.1%",".082",".313",".239",".290",".321",".272","","72","0.3","-4.4","-3.3","-0.3","16442"
"Luis Torrens","SEA","57","166","3","13","15","0","7.2%","30.1%",".073",".310",".225",".283",".298",".261","","72","-1.4","-6.6","-1.8","-0.3","15905"
"Mickey Moniak","- - -","37","112","3","13","8","1","3.6%","39.3%",".132",".254",".170",".207",".302",".223","","39","1.2","-6.7","-0.1","-0.3","19956"
"Josh VanMeter","PIT","67","192","3","15","14","4","9.9%","23.4%",".105",".232",".187",".266",".292",".251","","59","1.1","-8.1","-1.5","-0.3","15170"
"Andrew Knizner","STL","97","293","4","28","25","0","8.9%","21.2%",".085",".268",".215",".301",".300",".275","","79","-1.8","-9.1","-4.0","-0.3","19514"
"Andrelton Simmons","CHC","35","85","0","8","7","4","8.2%","15.3%",".013",".210",".173",".244",".187",".204","","27","0.1","-7.1","1.0","-0.3","10847"
"Dee Strange-Gordon","WSN","23","59","0","6","2","3","0.0%","13.6%",".051",".353",".305",".305",".356",".288","","83","-0.2","-1.3","-3.9","-0.3","8203"
"Nick Pratto","KCR","49","182","7","18","20","0","10.4%","36.3%",".203",".250",".184",".271",".386",".287","","82","-1.5","-5.2","-3.9","-0.4","22117"
"Sandy Leon","- - -","34","86","0","6","4","0","15.1%","31.4%",".042",".273",".169",".298",".211",".246","","58","-2.4","-6.5","0.4","-0.4","5273"
"Zack Collins","- - -","36","108","4","9","11","0","8.3%","38.0%",".165",".208",".155",".231",".320",".245","","57","-0.2","-5.6","-1.3","-0.4","19181"
"Jarren Duran","BOS","58","223","3","23","17","7","6.3%","28.3%",".142",".302",".221",".283",".363",".284","","78","0.5","-5.1","-5.4","-0.4","24617"
"Jason Heyward","CHC","48","151","1","15","10","1","7.3%","21.2%",".073",".260",".204",".278",".277",".253","","61","-0.1","-7.0","-1.6","-0.4","4940"
"Richie Palacios","CLE","54","123","0","7","10","2","7.3%","16.3%",".054",".280",".232",".293",".286",".258","","65","0.3","-4.6","-2.8","-0.4","24589"
"Kyle Lewis","SEA","18","62","3","6","5","0","8.1%","30.6%",".161",".147",".143",".226",".304",".239","","56","-0.9","-4.0","-1.5","-0.4","19508"
"Harold Castro","DET","120","443","7","37","47","0","3.8%","17.8%",".110",".318",".271",".300",".381",".297","","94","-1.6","-4.8","-12.8","-0.4","14691"
"Jesus Aguilar","- - -","129","507","16","39","51","1","5.5%","23.5%",".144",".278",".235",".281",".379",".288","","86","-2.8","-10.7","-9.8","-0.4","11342"
"Alcides Escobar","WSN","42","131","0","12","8","1","3.8%","24.4%",".065",".293",".218",".260",".282",".242","","51","0.9","-6.5","-1.4","-0.4","6310"
"Yasmani Grandal","CHW","99","376","5","15","27","1","12.0%","21.0%",".067",".249",".202",".301",".269",".263","","68","-6.2","-19.7","4.1","-0.4","11368"
"Michael Hermosillo","CHC","31","73","0","7","4","1","9.6%","37.0%",".033",".206",".115",".250",".148",".203","","27","0.7","-5.5","-0.6","-0.4","16285"
"Tres Barrera","WSN","19","53","0","2","4","0","3.8%","30.2%",".020",".265",".180",".212",".200",".187","","14","-0.4","-5.8","0.3","-0.4","19977"
"Magneuris Sierra","LAA","45","96","0","7","5","6","4.2%","26.0%",".077",".227",".165",".200",".242",".195","","19","0.0","-8.7","1.8","-0.4","17023"
"Steven Duggar","- - -","29","80","0","7","4","5","8.8%","51.3%",".069",".344",".153",".225",".222",".205","","28","1.0","-5.6","-1.0","-0.4","17719"
"Andrew Vaughn","CHW","134","555","17","60","76","0","5.6%","17.3%",".159",".301",".271",".321",".429",".327","","113","-3.2","4.9","-26.7","-0.4","26197"
"Bligh Madris","PIT","39","123","1","10","7","2","8.1%","25.2%",".088",".235",".177",".244",".265",".231","","45","0.5","-7.4","-1.0","-0.4","20054"
"Garrett Hampson","COL","90","226","2","29","15","12","9.3%","27.9%",".095",".294",".211",".287",".307",".267","","55","1.6","-10.3","-1.6","-0.4","19262"
"Vidal Brujan","TBR","52","162","3","13","16","5","7.4%","22.8%",".095",".193",".163",".228",".259",".220","","43","-0.8","-11.1","1.7","-0.5","20536"
"Hanser Alberto","LAD","73","159","2","13","15","0","1.9%","15.7%",".122",".279",".244",".258",".365",".270","","73","-2.1","-7.0","-2.7","-0.5","11902"
"Justin Upton","SEA","17","57","1","2","3","0","10.5%","40.4%",".083",".208",".125",".263",".208",".231","","51","-1.8","-4.9","-1.4","-0.5","5222"
"Mike Moustakas","CIN","78","285","7","30","25","2","8.4%","26.3%",".131",".272",".214",".295",".345",".286","","76","-0.5","-8.5","-5.6","-0.5","4892"
"Hoy Park","PIT","23","60","2","7","6","1","6.7%","25.0%",".157",".250",".216",".276",".373",".282","","79","0.9","-0.6","-6.1","-0.5","18027"
"Taylor Walls","TBR","142","466","8","53","33","10","11.2%","25.8%",".113",".221",".172",".268",".285",".252","","66","3.2","-14.5","-5.0","-0.5","22458"
"Jack Mayfield","LAA","23","74","1","8","6","1","4.1%","23.0%",".086",".231",".186",".230",".271",".224","","39","-0.5","-5.5","-1.5","-0.5","15402"
"Will Benson","CLE","28","61","0","8","3","0","4.9%","31.1%",".018",".278",".182",".250",".200",".212","","33","0.1","-4.5","-2.1","-0.5","21853"
"Oscar Mercado","- - -","55","128","4","17","16","2","3.9%","22.7%",".165",".236",".207",".242",".372",".266","","70","0.0","-4.3","-4.5","-0.5","16375"
"Stephen Piscotty","OAK","42","139","5","12","14","2","6.5%","34.5%",".151",".253",".190",".252",".341",".258","","70","-0.6","-5.2","-4.0","-0.5","13367"
"Ehire Adrianza","- - -","37","110","0","8","7","1","10.0%","22.7%",".031",".233",".175",".264",".206",".222","","38","0.8","-7.2","-1.4","-0.5","8418"
"Michael Perez","- - -","45","132","6","10","14","1","7.6%","24.2%",".149",".145",".149",".214",".298",".228","","44","-0.5","-9.1","-0.2","-0.5","12977"
"Travis Demeritte","ATL","26","96","3","9","6","0","6.3%","33.3%",".124",".291",".213",".260",".337",".263","","65","-1.4","-5.3","-2.8","-0.5","15958"
"Lorenzo Cain","MIL","43","156","1","17","9","2","5.1%","23.1%",".055",".229",".179",".231",".234",".212","","32","-0.4","-12.8","2.6","-0.5","9077"
"Willians Astudillo","MIA","21","55","1","5","4","1","1.8%","5.5%",".056",".240",".241",".255",".296",".243","","56","-0.4","-3.2","-3.7","-0.5","15608"
"Chuckie Robinson","CIN","25","60","2","3","5","0","0.0%","28.3%",".136",".150",".136",".136",".271",".173","","-1","-1.1","-8.2","1.1","-0.5","19824"
"Miguel Vargas","LAD","18","50","1","4","8","1","4.0%","26.0%",".085",".206",".170",".200",".255",".200","","26","0.5","-3.8","-2.9","-0.5","20178"
"Kevin Plawecki","- - -","64","186","1","15","13","0","7.5%","17.2%",".065",".265",".220",".286",".286",".259","","61","-1.8","-10.0","-1.0","-0.5","13807"
"Sheldon Neuse","OAK","89","293","4","25","26","6","6.8%","27.3%",".074",".289",".214",".273",".288",".253","","67","1.3","-9.6","-4.8","-0.5","19635"
"Juan Lagares","LAA","20","62","0","4","0","0","3.2%","24.2%",".067",".244",".183",".210",".250",".203","","24","0.0","-5.3","-1.8","-0.5","5384"
"Sam Hilliard","COL","70","200","2","26","14","5","11.5%","28.5%",".080",".256",".184",".280",".264",".251","","44","1.8","-11.2","-0.7","-0.5","17954"
"David MacKinnon","- - -","22","57","0","2","6","0","10.5%","29.8%",".000",".206",".140",".228",".140",".181","","11","0.1","-5.6","-1.5","-0.6","19625"
"Marcell Ozuna","ATL","124","507","23","56","56","2","6.1%","24.1%",".187",".252",".226",".274",".413",".298","","88","-2.6","-9.4","-13.0","-0.6","10324"
"Austin Hedges","CLE","105","338","7","26","30","2","7.4%","23.1%",".085",".193",".163",".241",".248",".225","","42","-3.6","-25.8","9.6","-0.6","12976"
"Avisail Garcia","MIA","98","380","8","31","35","4","4.5%","28.7%",".092",".298",".224",".266",".317",".258","","66","-1.2","-16.1","-2.1","-0.6","5760"
"Tyler Wade","LAA","67","163","1","22","8","8","6.1%","20.2%",".054",".274",".218",".272",".272",".247","","55","-0.1","-8.4","-2.4","-0.6","15730"
"Charlie Culberson","TEX","70","124","2","19","12","2","4.0%","25.0%",".104",".329",".252",".283",".357",".281","","81","-1.1","-3.7","-5.8","-0.6","3298"
"Jose Rojas","LAA","22","57","0","1","1","0","0.0%","33.3%",".036",".189",".125",".140",".161",".134","","-24","-0.3","-8.3","0.9","-0.6","19331"
"Alex Kirilloff","MIN","45","156","3","14","21","0","3.2%","23.1%",".111",".308",".250",".290",".361",".286","","86","-2.0","-4.4","-6.2","-0.6","20325"
"Calvin Mitchell","PIT","69","232","5","21","17","3","7.8%","22.4%",".123",".276",".226",".286",".349",".281","","79","1.1","-4.6","-8.9","-0.6","22169"
"Jared Walsh","LAA","118","454","15","41","44","2","5.9%","30.4%",".158",".281",".215",".269",".374",".278","","78","-0.7","-12.2","-7.9","-0.6","18607"
"Tyler Nevin","BAL","58","184","2","17","16","0","10.9%","25.0%",".064",".259",".197",".299",".261",".261","","67","-1.2","-8.0","-3.6","-0.6","17893"
"Jacob Stallings","MIA","114","384","4","25","34","0","7.6%","21.6%",".069",".280",".223",".292",".292",".265","","71","-5.3","-18.2","-0.6","-0.6","13723"
"Nick Senzel","CIN","110","420","5","45","25","8","7.1%","18.1%",".075",".276",".231",".296",".306",".272","","66","-0.9","-17.5","-2.6","-0.6","19293"
"Jason Castro","HOU","34","88","1","6","3","1","9.1%","45.5%",".064",".211",".115",".205",".179",".183","","13","0.3","-8.3","-0.5","-0.6","8722"
"Billy McKinney","OAK","23","57","1","3","4","0","7.0%","28.1%",".077",".111",".096",".158",".173",".144","","-10","-2.1","-9.2","1.4","-0.6","15654"
"Michael Chavis","PIT","129","426","14","39","49","1","4.5%","29.6%",".160",".294",".229",".265",".389",".282","","80","0.3","-9.7","-10.7","-0.6","17321"
"Stephen Vogt","OAK","70","191","7","18","23","1","8.9%","24.1%",".161",".168",".161",".241",".321",".249","","64","0.0","-7.8","-4.5","-0.6","5000"
"Chris Owings","BAL","27","68","0","6","0","1","14.7%","35.3%",".036",".188",".107",".254",".143",".204","","27","-0.8","-6.3","-2.0","-0.7","10030"
"Lewin Diaz","MIA","58","174","5","12","11","1","6.3%","31.0%",".119",".214",".169",".224",".288",".228","","45","-0.6","-11.7","-0.5","-0.7","18365"
"Donovan Walton","- - -","25","78","1","9","8","0","1.3%","20.5%",".145",".186",".158",".179",".303",".208","","31","-0.5","-6.8","-2.2","-0.7","19314"
"Frank Schwindel","CHC","75","292","8","23","36","0","6.5%","19.9%",".129",".261",".229",".277",".358",".278","","78","-2.5","-10.0","-6.2","-0.7","15351"
"Abraham Toro","SEA","109","352","10","36","35","2","6.3%","18.5%",".139",".198",".185",".239",".324",".246","","62","-1.1","-16.3","-1.7","-0.7","19844"
"Darin Ruf","- - -","119","388","11","52","45","2","11.6%","27.1%",".135",".258",".204",".307",".338",".291","","89","0.2","-4.8","-15.2","-0.7","9929"
"Phil Gosselin","- - -","34","77","0","6","2","0","2.6%","31.2%",".027",".220",".149",".182",".176",".163","","-4","-1.6","-10.6","1.2","-0.7","10953"
"Nick Castellanos","PHI","136","558","13","56","62","7","5.2%","23.3%",".126",".326",".263",".305",".389",".304","","94","-2.8","-6.8","-19.0","-0.7","11737"
"Cooper Hummel","ARI","66","201","3","20","17","4","11.4%","31.8%",".131",".255",".176",".274",".307",".262","","65","0.1","-8.1","-6.1","-0.8","19458"
"Cole Tucker","PIT","18","63","0","3","2","1","0.0%","39.7%",".048",".289",".175",".175",".222",".172","","4","0.6","-6.4","-3.2","-0.8","17326"
"Michael Papierski","- - -","39","103","1","7","4","0","9.7%","25.2%",".044",".188",".143",".228",".187",".197","","16","-1.1","-11.1","0.0","-0.8","21386"
"Tommy La Stella","SFG","60","195","2","17","14","0","5.6%","15.4%",".111",".272",".239",".282",".350",".277","","78","-1.2","-6.1","-8.1","-0.8","12371"
"Maikel Franco","WSN","103","388","9","31","39","1","3.1%","19.3%",".113",".262",".229",".255",".342",".261","","64","-3.6","-19.8","-1.2","-0.8","12179"
"Kurt Suzuki","LAA","51","159","4","10","15","0","9.4%","18.2%",".115",".194",".180",".266",".295",".254","","60","-2.4","-9.5","-3.6","-0.8","8259"
"Nelson Cruz","WSN","124","507","10","50","64","4","9.7%","23.5%",".103",".295",".234",".313",".337",".292","","85","-3.1","-11.9","-13.3","-0.9","2434"
"Joey Votto","CIN","91","376","11","31","41","0","11.7%","25.8%",".165",".257",".205",".319",".370",".310","","92","-4.1","-7.6","-13.3","-0.9","4314"
"Jermaine Palacios","MIN","30","77","2","8","6","0","5.2%","35.1%",".086",".186",".143",".184",".229",".184","","14","0.1","-7.4","-3.4","-0.9","18371"
"Miguel Sano","MIN","20","71","1","1","3","1","12.7%","35.2%",".050",".114",".083",".211",".133",".176","","9","-0.8","-8.0","-2.8","-0.9","12164"
"Yuli Gurriel","HOU","146","584","8","53","53","8","5.1%","12.5%",".117",".266",".242",".288",".360",".285","","85","-0.8","-11.0","-16.3","-0.9","19198"
"Seth Beer","ARI","38","126","1","4","9","0","8.7%","24.6%",".054",".250",".189",".278",".243",".239","","49","-1.9","-9.4","-3.8","-0.9","20493"
"Hunter Dozier","KCR","129","500","12","51","41","4","6.8%","25.0%",".152",".298",".236",".292",".387",".298","","90","-8.4","-14.1","-11.0","-1.0","15117"
"Spencer Torkelson","DET","110","404","8","38","28","0","9.2%","24.5%",".117",".255",".203",".285",".319",".272","","76","-3.2","-14.0","-8.2","-1.0","27465"
"Cristian Pache","OAK","91","260","3","18","18","2","5.8%","26.9%",".075",".220",".166",".218",".241",".207","","35","-1.7","-20.8","3.1","-1.0","19948"
"Jed Lowrie","OAK","50","184","3","14","16","1","8.2%","21.2%",".084",".213",".180",".245",".263",".230","","50","-0.7","-10.9","-4.6","-1.0","4418"
"Ernie Clement","- - -","70","179","0","19","6","0","6.1%","14.5%",".025",".217",".184",".243",".209",".209","","31","-1.2","-15.0","-0.3","-1.0","20352"
"Leury Garcia","CHW","97","315","3","38","20","2","2.2%","20.6%",".057",".255",".210",".233",".267",".221","","39","2.2","-19.5","-0.9","-1.1","5913"
"Kole Calhoun","TEX","125","424","12","36","49","3","6.4%","32.1%",".134",".263",".196",".257",".330",".260","","67","-0.8","-16.8","-7.2","-1.1","11200"
"Austin Romine","- - -","51","136","3","10","9","0","2.9%","33.8%",".093",".213",".155",".187",".248",".193","","15","-0.5","-13.9","-1.2","-1.1","5491"
"Franmil Reyes","- - -","118","473","14","43","47","2","6.3%","33.2%",".144",".307",".221",".273",".365",".280","","80","-2.7","-13.6","-12.4","-1.1","14566"
"Eddie Rosario","ATL","80","270","5","27","24","3","6.3%","25.2%",".116",".267",".212",".259",".328",".258","","62","1.3","-10.8","-8.9","-1.1","12155"
"Brad Miller","TEX","81","241","7","20","32","4","7.5%","29.0%",".108",".274",".212",".270",".320",".263","","69","-1.1","-9.6","-8.9","-1.1","12775"
"Jose Barrero","CIN","48","174","2","13","10","4","5.2%","43.7%",".055",".264",".152",".195",".206",".183","","5","0.9","-18.3","0.9","-1.2","23378"
"Riley Adams","WSN","48","155","5","14","10","0","7.7%","29.7%",".134",".220",".176",".245",".310",".249","","56","-1.1","-9.1","-7.9","-1.2","19864"
"Yoshi Tsutsugo","PIT","50","193","2","11","19","0","9.8%","25.9%",".059",".221",".171",".249",".229",".221","","38","-0.6","-14.5","-4.4","-1.3","27459"
"Jonathan Villar","- - -","59","220","3","25","18","7","6.8%","26.8%",".094",".275",".208",".260",".302",".250","","58","2.2","-8.4","-11.6","-1.3","10071"
"Robinson Cano","- - -","33","104","1","5","4","0","3.8%","24.0%",".040",".189",".150",".183",".190",".169","","6","-1.8","-13.1","-3.6","-1.4","3269"
"Elias Diaz","COL","105","381","9","29","51","0","6.6%","21.5%",".140",".270",".228",".281",".368",".284","","67","-3.9","-18.6","-7.8","-1.4","11680"
"Miguel Cabrera","DET","112","433","5","25","43","1","6.5%","23.3%",".063",".324",".254",".305",".317",".275","","79","-5.4","-15.8","-11.8","-1.5","1744"
"Robinson Chirinos","BAL","67","220","4","10","22","1","8.6%","30.5%",".108",".248",".179",".265",".287",".251","","61","-1.2","-10.9","-11.4","-1.6","3142"
